Date,Price,Change
2014-03-27,568.0,
2014-03-28,561.2,-0.011971830985915366
2014-03-31,566.89,0.01013898788310752
2014-04-01,558.71,-0.014429607154827107
2014-04-02,565.106,0.011447799395034819
2014-04-03,569.85,0.008394885207376968
2014-04-04,574.65,0.0084232692813897
2014-04-07,540.74,-0.059009832071695745
2014-04-08,542.6,0.0034397307393572163
2014-04-09,559.62,0.03136748986361959
2014-04-10,565.0,0.009613666416496969
2014-04-11,532.55,-0.05743362831858412
2014-04-14,538.25,0.010703220354896237
2014-04-15,536.82,-0.002656758012076099
2014-04-16,543.0,0.01151223873924212
2014-04-17,548.81,0.010699815837937221
2014-04-21,536.1,-0.02315919899418728
2014-04-22,528.64,-0.0139153143070323
2014-04-23,533.79,0.009741979418886215
2014-04-24,530.07,-0.006969032765694161
2014-04-25,522.51,-0.01426226724772206
2014-04-28,517.18,-0.010200761707909956
2014-04-29,516.9,-0.0005413975791793701
2014-04-30,527.6,0.020700328883729968
2014-05-01,527.11,-0.0009287338893101404
2014-05-02,533.76,0.01261596251256858
2014-05-05,524.82,-0.01674910071942437
2014-05-06,525.23,0.0007812202278876246
2014-05-07,515.79,-0.017973078460864822
2014-05-08,508.46,-0.01421120998856118
2014-05-09,510.75,0.0045037957754789915
2014-05-12,523.51,0.02498286833088592
2014-05-13,530.89,0.014097151916868889
2014-05-14,533.0,0.003974457985646662
2014-05-15,525.7,-0.013696060037523328
2014-05-16,521.39,-0.008198592353053202
2014-05-19,519.7,-0.003241335660446043
2014-05-20,529.74,0.01931883779103316
2014-05-21,532.9,0.0059651904707969106
2014-05-22,541.13,0.01544379808594476
2014-05-23,547.26,0.011328146656071514
2014-05-27,556.0,0.01597047107407823
2014-05-28,564.57,0.015413669064748392
2014-05-29,563.35,-0.002160936642046196
2014-05-30,560.8,-0.004526493299014889
2014-06-02,560.7,-0.00017831669044210408
2014-06-03,550.99,-0.017317638665953372
2014-06-04,541.5,-0.01722354307700691
2014-06-05,546.4,0.009048938134810669
2014-06-06,558.06,0.021339677891654363
2014-06-09,557.15,-0.001630649034153997
2014-06-10,560.51,0.006030691914206354
2014-06-11,558.0,-0.004478064619721334
2014-06-12,557.3,-0.0012544802867384686
2014-06-13,552.26,-0.009043603086308916
2014-06-16,549.26,-0.005432223952486104
2014-06-17,544.2,-0.009212394858536865
2014-06-18,544.86,0.001212789415655946
2014-06-19,554.24,0.017215431486987454
2014-06-20,556.85,0.004709151270207768
2014-06-23,555.15,-0.0030528867738170984
2014-06-24,565.19,0.018085202197604344
2014-06-25,565.26,0.00012385215591215193
2014-06-26,581.0,0.02784559317836033
2014-06-27,577.18,-0.006574870912220421
2014-06-30,578.66,0.0025641914134240107
2014-07-01,578.32,-0.0005875643728613378
2014-07-02,583.35,0.008697606861253204
2014-07-03,583.35,0.0
2014-07-07,583.76,0.0007028370617980784
2014-07-08,577.66,-0.010449499794436101
2014-07-09,571.58,-0.010525222449191407
2014-07-10,565.91,-0.009919871234123079
2014-07-11,571.91,0.010602392606598121
2014-07-14,582.6,0.018691752198772615
2014-07-15,585.74,0.005389632681084722
2014-07-16,588.0,0.0038583671936354147
2014-07-17,579.53,-0.01440476190476192
2014-07-18,593.0,0.023242972753783286
2014-07-21,591.75,-0.002107925801011823
2014-07-22,590.72,-0.0017405999155047924
2014-07-23,593.23,0.0042490520043336755
2014-07-24,596.45,0.005427911602582602
2014-07-25,590.4,-0.01014334814318063
2014-07-28,588.07,-0.003946476964769574
2014-07-29,588.75,0.0011563249273045528
2014-07-30,586.55,-0.0037367303609342484
2014-07-31,580.6,-0.010144062739749216
2014-08-01,570.4,-0.01756803306923882
2014-08-04,569.04,-0.0023842917251052365
2014-08-05,570.05,0.001774919162097488
2014-08-06,561.78,-0.014507499342162888
2014-08-07,568.0,0.011071949873616038
2014-08-08,563.56,-0.007816901408450816
2014-08-11,569.99,0.011409610334303544
2014-08-12,564.52,-0.009596659590519141
2014-08-13,567.31,0.004942251824558763
2014-08-14,576.18,0.01563519063651264
2014-08-15,577.86,0.0029157554930752116
2014-08-18,576.11,-0.003028415187069533
2014-08-19,585.0,0.015431080869972691
2014-08-20,585.88,0.0015042735042734012
2014-08-21,583.82,-0.0035160783778247495
2014-08-22,583.59,-0.0003939570415539828
2014-08-25,584.72,0.0019362908891515929
2014-08-26,581.26,-0.005917362156245831
2014-08-27,577.27,-0.006864398031861785
2014-08-28,569.56,-0.013355968610875402
2014-08-29,571.33,0.0031076620549197465
2014-09-02,571.85,0.0009101570020828564
2014-09-03,580.0,0.01425198915799597
2014-09-04,580.0,0.0
2014-09-05,583.98,0.006862068965517221
2014-09-08,586.6,0.004486455015582758
2014-09-09,588.9,0.003920900102284186
2014-09-10,581.5,-0.012565800645270797
2014-09-11,580.36,-0.0019604471195184825
2014-09-12,581.0,0.001102763801778206
2014-09-15,572.94,-0.013872633390705547
2014-09-16,572.76,-0.0003141690229344629
2014-09-17,580.01,0.012658006844053382
2014-09-18,587.0,0.012051516353166258
2014-09-19,591.5,0.0076660988074956915
2014-09-22,593.82,0.003922231614539307
2014-09-23,586.85,-0.011737563571452725
2014-09-24,581.46,-0.009184629803186461
2014-09-25,587.55,0.010473635331750941
2014-09-26,576.06,-0.01955578248659695
2014-09-29,571.75,-0.007481859528521206
2014-09-30,576.93,0.009059903804110148
2014-10-01,576.01,-0.0015946475308962205
2014-10-02,567.31,-0.015103904446103433
2014-10-03,573.05,0.010117924944034185
2014-10-06,578.8,0.010034028444289245
2014-10-07,574.4,-0.007601935038009655
2014-10-08,565.57,-0.015372562674094592
2014-10-09,571.18,0.009919196562759414
2014-10-10,557.72,-0.023565250884134414
2014-10-13,544.99,-0.022825073513591088
2014-10-14,538.9,-0.011174516963614045
2014-10-15,531.01,-0.014640935238448671
2014-10-16,519.0,-0.022617276510800144
2014-10-17,527.25,0.01589595375722541
2014-10-20,509.45,-0.03376007586533902
2014-10-21,525.19,0.030896064383158395
2014-10-22,529.89,0.008949142215198158
2014-10-23,539.32,0.017796146370001376
2014-10-24,544.36,0.009345101238596776
2014-10-27,537.03,-0.01346535380997882
2014-10-28,543.0,0.011116697391207353
2014-10-29,550.0,0.012891344383057168
2014-10-30,548.95,-0.0019090909090908603
2014-10-31,559.35,0.01894525913106837
2014-11-03,555.5,-0.0068829891838742
2014-11-04,553.0,-0.004500450045004545
2014-11-05,556.8,0.006871609403254819
2014-11-06,545.5,-0.020294540229884972
2014-11-07,546.21,0.0013015582034832107
2014-11-10,541.46,-0.008696288973105593
2014-11-11,548.49,0.012983415210726434
2014-11-12,550.39,0.0034640558624587925
2014-11-13,549.8,-0.001071967150566011
2014-11-14,546.68,-0.005674790833030241
2014-11-17,543.58,-0.0056705934001608505
2014-11-18,537.5,-0.011185106148129176
2014-11-19,535.0,-0.0046511627906976605
2014-11-20,531.25,-0.007009345794392496
2014-11-21,541.61,0.019501176470588355
2014-11-24,537.65,-0.007311534129724406
2014-11-25,539.0,0.002510927183111633
2014-11-26,540.88,0.0034879406307977145
2014-11-28,540.62,-0.00048069812157958136
2014-12-01,538.9,-0.0031815323147498242
2014-12-02,533.51,-0.010001855631842638
2014-12-03,531.44,-0.0038799647616726274
2014-12-04,531.16,-0.0005268703898843041
2014-12-05,531.0,-0.00030122750207084437
2014-12-08,527.13,-0.007288135593220391
2014-12-09,522.14,-0.009466355547967265
2014-12-10,533.08,0.02095223503275001
2014-12-11,527.8,-0.009904704734749137
2014-12-12,523.51,-0.00812807881773392
2014-12-15,522.74,-0.0014708410536570238
2014-12-16,511.56,-0.02138730535256539
2014-12-17,497.0,-0.028461959496442257
2014-12-18,512.95,0.03209255533199196
2014-12-19,511.51,-0.0028072911589824834
2014-12-22,516.08,0.008934331684620211
2014-12-23,527.0,0.02115951015346451
2014-12-24,530.51,0.006660341555977167
2014-12-26,528.77,-0.003279862773557518
2014-12-29,532.19,0.0064678404599354256
2014-12-30,528.09,-0.007704015483192106
2014-12-31,531.25,0.00598382851407897
2015-01-02,529.01,-0.004216470588235266
2015-01-05,523.26,-0.010869359747452845
2015-01-06,515.0,-0.015785651492565833
2015-01-07,507.0,-0.01553398058252431
2015-01-08,497.99,-0.017771203155818482
2015-01-09,504.76,0.013594650494989757
2015-01-12,494.94,-0.019454790395435406
2015-01-13,498.84,0.007879742999151285
2015-01-14,494.65,-0.008399486809397838
2015-01-15,505.57,0.02207621550591332
2015-01-16,500.01,-0.0109974879838598
2015-01-20,511.0,0.021979560408791787
2015-01-21,507.25,-0.007338551859099818
2015-01-22,521.48,0.02805322819122713
2015-01-23,535.59,0.027057605277287733
2015-01-26,538.53,0.005489273511454451
2015-01-27,529.97,-0.01589512190592901
2015-01-28,522.78,-0.01356680566824553
2015-01-29,511.0,-0.022533379241746032
2015-01-30,515.86,0.00951076320939337
2015-02-02,531.73,0.030764160818826713
2015-02-03,528.0,-0.007014838357813247
2015-02-04,529.24,0.002348484848484933
2015-02-05,523.79,-0.010297785503741275
2015-02-06,527.64,0.007350273964756848
2015-02-09,528.0,0.000682283375028403
2015-02-10,529.3,0.0024621212121211933
2015-02-11,535.3,0.011335726431135562
2015-02-12,537.25,0.003642817111900065
2015-02-13,543.35,0.011354118194509155
2015-02-17,546.83,0.006404711511916794
2015-02-18,541.4,-0.00992995995099033
2015-02-19,538.04,-0.006206132249722995
2015-02-20,543.13,0.00946026317745896
2015-02-23,536.05,-0.013035553182479398
2015-02-24,530.0,-0.011286260610017584
2015-02-25,535.9,0.011132075471698144
2015-02-26,543.21,0.013640604590408723
2015-02-27,554.24,0.02030522265790391
2015-03-02,560.53,0.011348874133949138
2015-03-03,570.45,0.01769753626032511
2015-03-04,571.87,0.002489262862652275
2015-03-05,575.02,0.00550824488082946
2015-03-06,574.88,-0.0002434697923550111
2015-03-09,566.86,-0.013950737545226799
2015-03-10,564.25,-0.0046043114702043475
2015-03-11,555.14,-0.016145325653522447
2015-03-12,553.51,-0.002936196274813563
2015-03-13,553.5,-1.8066520930060115e-05
2015-03-16,550.95,-0.004607046070460585
2015-03-17,551.71,0.0013794355204646003
2015-03-18,552.5,0.0014319116927370423
2015-03-19,559.39,0.012470588235294011
2015-03-20,561.65,0.004040115125404364
2015-03-23,560.43,-0.002172171281046964
2015-03-24,562.56,0.0038006530699641328
2015-03-25,570.5,0.014114050056882821
2015-03-26,557.59,-0.022629272567922798
2015-03-27,553.0,-0.008231854947183481
2015-03-30,551.62,-0.002495479204339901
2015-03-31,550.0,-0.002936804321815756
2015-04-01,548.6,-0.0025454545454545174
2015-04-02,540.85,-0.014126868392271286
2015-04-06,532.22,-0.015956364981048354
2015-04-07,538.08,0.011010484386156039
2015-04-08,538.38,0.0005575379125779545
2015-04-09,541.03,0.004922173929194917
2015-04-10,542.29,0.002328891189028237
2015-04-13,538.41,-0.00715484334949934
2015-04-14,536.25,-0.0040118125592020215
2015-04-15,528.7,-0.014079254079254033
2015-04-16,529.9,0.002269718176659552
2015-04-17,528.66,-0.00234006416304966
2015-04-20,525.6,-0.005788219271365191
2015-04-21,537.51,0.022659817351598166
2015-04-22,534.4,-0.00578593886625367
2015-04-23,541.0,0.012350299401197695
2015-04-24,566.1,0.0463955637707949
2015-04-27,563.39,-0.004787140081257801
2015-04-28,554.64,-0.01553098209055892
2015-04-29,550.47,-0.00751839030722623
2015-04-30,547.87,-0.004723236506985029
2015-05-01,538.43,-0.01723036486757823
2015-05-04,538.53,0.00018572516390258365
2015-05-05,538.21,-0.0005942101647075093
2015-05-06,531.24,-0.012950335370951915
2015-05-07,523.99,-0.013647315714178099
2015-05-08,536.65,0.024160766426840175
2015-05-11,538.37,0.003205068480387707
2015-05-12,531.6,-0.012574994891988767
2015-05-13,530.56,-0.0019563581640332783
2015-05-14,533.77,0.006050211097708091
2015-05-15,539.18,0.010135451599003309
2015-05-18,532.01,-0.013297970992989239
2015-05-19,533.98,0.003702937914700888
2015-05-20,538.49,0.00844600921382832
2015-05-21,537.95,-0.0010028041374955388
2015-05-22,540.15,0.00408959940514908
2015-05-26,538.12,-0.003758215310561863
2015-05-27,532.8,-0.009886270720285584
2015-05-28,538.01,0.009778528528528563
2015-05-29,537.37,-0.0011895689671195253
2015-06-01,536.79,-0.0010793308148948633
2015-06-02,532.93,-0.007190894018144878
2015-06-03,539.91,0.013097404912465027
2015-06-04,537.76,-0.003982145172343521
2015-06-05,536.35,-0.0026219875037191143
2015-06-08,533.31,-0.005667940710357144
2015-06-09,527.56,-0.010781721700324431
2015-06-10,529.36,0.0034119341875806786
2015-06-11,538.425,0.017124452168656434
2015-06-12,531.6,-0.012675860147652762
2015-06-15,528.0,-0.006772009029345383
2015-06-16,528.4,0.0007575757575757347
2015-06-17,529.37,0.0018357305071916574
2015-06-18,531.0,0.0030791317981750943
2015-06-19,537.21,0.011694915254237381
2015-06-22,539.59,0.004430297276670103
2015-06-23,539.64,9.266294779353146e-05
2015-06-24,540.0,0.0006671114076051143
2015-06-25,538.87,-0.002092592592592535
2015-06-26,537.26,-0.002987733590661956
2015-06-29,525.01,-0.022800878531809565
2015-06-30,526.02,0.0019237728805165943
2015-07-01,524.73,-0.002452378236568853
2015-07-02,521.08,-0.006955958302364951
2015-07-06,519.5,-0.0030321639671452294
2015-07-07,523.13,0.006987487969201123
2015-07-08,521.05,-0.0039760671343643805
2015-07-09,523.12,0.00397274733710784
2015-07-10,526.29,0.006059795075699537
2015-07-13,532.88,0.012521613559064448
2015-07-14,546.76,0.026047140069058727
2015-07-15,560.13,0.02445314214646288
2015-07-16,565.12,0.00890864620713061
2015-07-17,649.0,0.14842865232163072
2015-07-20,659.24,0.01577812018489988
2015-07-21,655.21,-0.006113099933256483
2015-07-22,660.89,0.008668976358724656
2015-07-23,661.27,0.0005749822209444311
2015-07-24,647.0,-0.021579687570886352
2015-07-27,621.0,-0.040185471406491535
2015-07-28,632.83,0.01904991948470225
2015-07-29,628.8,-0.006368218952957472
2015-07-30,630.0,0.001908396946564972
2015-07-31,631.38,0.002190476190476076
2015-08-03,625.34,-0.009566346732554076
2015-08-04,628.42,0.004925320625579488
2015-08-05,634.33,0.009404538366061033
2015-08-06,645.0,0.016820897640029475
2015-08-07,640.23,-0.00739534883720927
2015-08-10,639.48,-0.0011714540087156555
2015-08-11,669.2,0.046475261149684144
2015-08-12,663.08,-0.009145248057381927
2015-08-13,659.3225,-0.005666737045303849
2015-08-14,655.01,-0.006540805144675033
2015-08-17,656.8,0.002732782705607395
2015-08-18,661.9,0.007764920828258193
2015-08-19,656.6,-0.0080072518507327
2015-08-20,655.46,-0.0017362168748096263
2015-08-21,639.78,-0.02392213102248808
2015-08-24,573.0,-0.1043796304979836
2015-08-25,614.91,0.07314136125654436
2015-08-26,610.35,-0.007415719373566776
2015-08-27,639.4,0.047595641844843106
2015-08-28,632.82,-0.010290897716609182
2015-08-31,627.54,-0.008343604816535621
2015-09-01,602.36,-0.040124932275233394
2015-09-02,605.68,0.005511654160302637
2015-09-03,617.0,0.018689737154933272
2015-09-04,600.0,-0.027552674230145846
2015-09-08,612.49,0.020816666666666706
2015-09-09,621.22,0.01425329393132957
2015-09-10,613.1,-0.013071053732977012
2015-09-11,619.75,0.010846517696949887
2015-09-14,625.7,0.009600645421540932
2015-09-15,626.7,0.0015982100047946535
2015-09-16,635.47,0.013993936492739723
2015-09-17,637.79,0.0036508411097297966
2015-09-18,636.79,-0.0015679142037348104
2015-09-21,634.4,-0.003753199641954197
2015-09-22,627.0,-0.011664564943253408
2015-09-23,622.05,-0.007894736842105288
2015-09-24,616.64,-0.008697050076360346
2015-09-25,629.77,0.021292812662169203
2015-09-28,610.34,-0.030852533464598153
2015-09-29,597.28,-0.021397909361995038
2015-09-30,603.28,0.01004553978033762
2015-10-01,608.37,0.008437209919109012
2015-10-02,607.2,-0.0019231717540312276
2015-10-05,632.0,0.04084321475625807
2015-10-06,638.84,0.010822784810126551
2015-10-07,649.24,0.01627950660572286
2015-10-08,641.36,-0.01213726819049965
2015-10-09,640.0,-0.0021204939503555176
2015-10-12,642.09,0.0032656250000000497
2015-10-13,643.15,0.0016508589138592988
2015-10-14,653.21,0.015641763196766023
2015-10-15,654.66,0.0022198068002632354
2015-10-16,664.11,0.014434973879571045
2015-10-19,661.18,-0.00441191971209598
2015-10-20,664.04,0.004325599685411019
2015-10-21,654.15,-0.01489368110354794
2015-10-22,646.7,-0.011388825192998442
2015-10-23,727.5,0.12494201329828347
2015-10-26,701.55,-0.03567010309278362
2015-10-27,707.38,0.008310170337110678
2015-10-28,707.33,-7.06833667900586e-05
2015-10-29,710.5,0.004481642232055716
2015-10-30,715.73,0.007361013370865699
2015-11-02,711.06,-0.006524806840568442
2015-11-03,718.86,0.010969538435575243
2015-11-04,722.0,0.004368027154105114
2015-11-05,729.47,0.010346260387811723
2015-11-06,731.5,0.002782842337587521
2015-11-09,730.2,-0.0017771701982227661
2015-11-10,724.4,-0.007943029307039273
2015-11-11,732.46,0.011126449475427957
2015-11-12,731.0,-0.001993282909646954
2015-11-13,729.17,-0.002503419972640253
2015-11-16,715.6,-0.018610200639082697
2015-11-17,729.29,0.019130799329234227
2015-11-18,727.58,-0.0023447462600610924
2015-11-19,738.74,0.015338519475521561
2015-11-20,746.53,0.010544981996372105
2015-11-23,757.45,0.014627677387379023
2015-11-24,752.0,-0.007195194402270788
2015-11-25,748.14,-0.005132978723404236
2015-11-27,748.46,0.0004277274306947465
2015-11-30,748.81,0.0004676268604868472
2015-12-01,747.11,-0.0022702688265380244
2015-12-02,768.9,0.02916571856888539
2015-12-03,766.01,-0.0037586162049680905
2015-12-04,753.1,-0.016853565880340926
2015-12-07,767.77,0.019479484796175672
2015-12-08,757.89,-0.01286843716217101
2015-12-09,759.17,0.001688899444510339
2015-12-10,752.85,-0.008324881120170602
2015-12-11,741.16,-0.015527661552766192
2015-12-14,741.79,0.0008500188893085792
2015-12-15,753.0,0.015112093719246822
2015-12-16,750.0,-0.003984063745019917
2015-12-17,762.42,0.016559999999999908
2015-12-18,746.51,-0.02086776317515271
2015-12-21,746.13,-0.0005090353779587664
2015-12-22,751.65,0.007398174580837136
2015-12-23,753.47,0.0024213397192842656
2015-12-24,749.55,-0.005202595989223235
2015-12-28,752.92,0.004496030951904428
2015-12-29,766.69,0.018288795622376952
2015-12-30,776.6,0.01292569356584794
2015-12-31,769.5,-0.00914241565799645
2016-01-04,743.0,-0.03443794671864853
2016-01-05,746.45,0.004643337819650206
2016-01-06,730.0,-0.022037644852300975
2016-01-07,730.31,0.00042465753424658637
2016-01-08,731.45,0.0015609809532939334
2016-01-11,716.61,-0.020288468111285818
2016-01-12,721.68,0.007074978021517797
2016-01-13,730.85,0.01270646269814879
2016-01-14,705.38,-0.03484983238694672
2016-01-15,692.29,-0.018557373330687077
2016-01-19,703.3,0.015903739762238356
2016-01-20,688.61,-0.020887245841035074
2016-01-21,702.18,0.019706364996151526
2016-01-22,723.6,0.0305049987182775
2016-01-25,723.58,-2.7639579878391274e-05
2016-01-26,713.85,-0.01344702728101943
2016-01-27,713.67,-0.0002521538138264834
2016-01-28,722.22,0.011980327041910321
2016-01-29,731.53,0.012890808894796546
2016-02-01,750.46,0.025877270925320994
2016-02-02,784.5,0.045358846574101275
2016-02-03,770.22,-0.018202676864244705
2016-02-04,722.81,-0.06155384175949741
2016-02-05,703.87,-0.026203289937881236
2016-02-08,667.85,-0.05117422251267989
2016-02-09,672.32,0.006693119712510409
2016-02-10,686.86,0.021626606377915136
2016-02-11,675.0,-0.01726698308243313
2016-02-12,690.26,0.02260740740740741
2016-02-16,692.98,0.003940544142786884
2016-02-17,699.0,0.008687119397385201
2016-02-18,710.0,0.01573676680972813
2016-02-19,695.03,-0.02108450704225351
2016-02-22,707.45,0.017869732241773795
2016-02-23,701.45,-0.008481164746625192
2016-02-24,688.92,-0.01786299807541536
2016-02-25,700.01,0.016097660105672595
2016-02-26,708.58,0.012242682247396441
2016-02-29,700.32,-0.011657117051003363
2016-03-01,703.62,0.004712131596984248
2016-03-02,719.0,0.0218583894715898
2016-03-03,718.68,-0.00044506258692633693
2016-03-04,714.99,-0.00513441309066609
2016-03-07,706.9,-0.011314843564245725
2016-03-08,688.59,-0.02590182486914694
2016-03-09,698.47,0.014348160734254156
2016-03-10,708.12,0.013815911921771784
2016-03-11,720.0,0.01677681748856119
2016-03-14,726.81,0.009458333333333346
2016-03-15,726.92,0.00015134629407964617
2016-03-16,726.37,-0.0007566169592251315
2016-03-17,736.45,0.013877225105662472
2016-03-18,741.86,0.007346052006246051
2016-03-21,736.5,-0.007225082899738555
2016-03-22,737.46,0.001303462321792237
2016-03-23,742.36,0.006644428172375427
2016-03-24,732.01,-0.013942022738294146
2016-03-28,736.79,0.006529965437630514
2016-03-29,734.59,-0.002985925433298453
2016-03-30,750.1,0.02111381859268424
2016-03-31,749.25,-0.0011331822423676918
2016-04-01,738.6,-0.014214214214214205
2016-04-04,750.06,0.015515840779853685
2016-04-05,738.0,-0.016078713702903702
2016-04-06,735.77,-0.0030216802168021584
2016-04-07,745.37,0.01304755562200155
2016-04-08,743.97,-0.0018782618028629905
2016-04-11,743.02,-0.0012769332096724817
2016-04-12,738.0,-0.0067562111383273615
2016-04-13,749.16,0.015121951219512209
2016-04-14,754.01,0.006473917454215439
2016-04-15,753.98,-3.978727072584398e-05
2016-04-18,760.46,0.008594392424202235
2016-04-19,769.51,0.011900691686610676
2016-04-20,758.0,-0.01495757040194412
2016-04-21,755.38,-0.0034564643799472883
2016-04-22,726.3,-0.038497180227170524
2016-04-25,716.1,-0.014043783560512058
2016-04-26,725.42,0.013014942047200107
2016-04-27,707.29,-0.02499241818532716
2016-04-28,708.26,0.0013714318030793038
2016-04-29,690.7,-0.02479315505605284
2016-05-02,697.63,0.01003329955117982
2016-05-03,696.87,-0.0010894026919713307
2016-05-04,690.49,-0.009155222638368654
2016-05-05,697.7,0.010441860128314717
2016-05-06,698.38,0.0009746309301992273
2016-05-09,712.0,0.019502276697499932
2016-05-10,716.75,0.0066713483146068064
2016-05-11,723.41,0.009291942797349018
2016-05-12,717.06,-0.008777871469844212
2016-05-13,711.93,-0.007154213036565937
2016-05-16,709.13,-0.0039329709381539235
2016-05-17,715.99,0.009673825673712777
2016-05-18,703.67,-0.017206944231064725
2016-05-19,702.36,-0.001861668111472592
2016-05-20,701.62,-0.001053590751181721
2016-05-23,706.53,0.0069980901342605595
2016-05-24,706.86,0.0004670714619336991
2016-05-25,720.76,0.019664431429137208
2016-05-26,722.87,0.002927465453132827
2016-05-27,724.01,0.0015770470485703125
2016-05-31,731.74,0.010676648112595055
2016-06-01,734.53,0.0038128296936070782
2016-06-02,732.5,-0.0027636720079505794
2016-06-03,729.27,-0.0044095563139932015
2016-06-06,724.91,-0.005978581321047116
2016-06-07,719.84,-0.006993971665448018
2016-06-08,723.96,0.0057234941098021075
2016-06-09,722.87,-0.0015056080446433917
2016-06-10,719.47,-0.004703473653630663
2016-06-13,716.51,-0.004114139574964981
2016-06-14,716.48,-4.1869618009449106e-05
2016-06-15,719.0,0.003517195176417909
2016-06-16,714.91,-0.005688456189151592
2016-06-17,708.65,-0.008756346952763283
2016-06-20,698.77,-0.013942002398927511
2016-06-21,698.4,-0.000529501838945623
2016-06-22,699.06,0.0009450171821305808
2016-06-23,697.45,-0.0023030927245156763
2016-06-24,675.17,-0.03194494228976996
2016-06-27,671.0,-0.006176222284757893
2016-06-28,678.97,0.011877794336810688
2016-06-29,683.0,0.005935461066026493
2016-06-30,685.47,0.0036163982430454933
2016-07-01,692.2,0.009818081024698389
2016-07-05,696.06,0.005576422999133079
2016-07-06,689.98,-0.008734879177082377
2016-07-07,698.08,0.01173947070929593
2016-07-08,699.5,0.002034150813660318
2016-07-11,708.05,0.012223016440314538
2016-07-12,719.12,0.01563448908975351
2016-07-13,723.62,0.006257648236733804
2016-07-14,721.58,-0.0028191592272186483
2016-07-15,725.73,0.005751268050666614
2016-07-18,722.71,-0.004161327215355559
2016-07-19,729.89,0.009934828631124493
2016-07-20,737.33,0.010193316801161867
2016-07-21,740.36,0.004109421832829252
2016-07-22,741.86,0.0020260413852719594
2016-07-25,740.67,-0.0016040762408002784
2016-07-26,739.04,-0.002200710167820974
2016-07-27,738.28,-0.0010283611171248985
2016-07-28,747.04,0.011865416914991656
2016-07-29,772.71,0.03436228314414236
2016-08-01,761.09,-0.015037983201977467
2016-08-02,768.69,0.00998567843487641
2016-08-03,767.18,-0.001964380959814882
2016-08-04,772.22,0.00656951432519115
2016-08-05,773.78,0.0020201496982723555
2016-08-08,782.0,0.01062317454573658
2016-08-09,781.1,-0.0011508951406649093
2016-08-10,783.75,0.0033926513890667476
2016-08-11,785.0,0.0015948963317384823
2016-08-12,781.5,-0.004458598726114649
2016-08-15,783.75,0.0028790786948176272
2016-08-16,780.3,-0.004401913875598185
2016-08-17,777.32,-0.0038190439574521395
2016-08-18,780.01,0.0034606082437089736
2016-08-19,775.0,-0.00642299457699258
2016-08-22,773.27,-0.0022322580645161016
2016-08-23,775.48,0.002857992680435073
2016-08-24,770.58,-0.00631866714808893
2016-08-25,767.0,-0.0046458511770355315
2016-08-26,769.0,0.0026075619295957697
2016-08-29,768.74,-0.00033810143042911633
2016-08-30,769.33,0.0007674896584020097
2016-08-31,767.01,-0.0030156109861828595
2016-09-01,769.25,0.0029204312851200953
2016-09-02,773.01,0.004887877803054996
2016-09-06,773.45,0.0005692035031890086
2016-09-07,780.0,0.008468550003232211
2016-09-08,778.59,-0.001807692307692288
2016-09-09,770.1,-0.01090432705274924
2016-09-12,755.13,-0.01943903389170243
2016-09-13,764.48,0.012381973964747717
2016-09-14,759.61,-0.006370343239849308
2016-09-15,762.89,0.0043180052921893974
2016-09-16,769.75,0.008992122062158492
2016-09-19,772.42,0.003468658655407575
2016-09-20,769.0,-0.004427642992154479
2016-09-21,772.66,0.004759427828348484
2016-09-22,780.0,0.009499650557813322
2016-09-23,786.59,0.008448717948718043
2016-09-26,782.74,-0.004894544807332979
2016-09-27,775.5,-0.009249559240616323
2016-09-28,777.85,0.003030303030303161
2016-09-29,781.44,0.004615285723468476
2016-09-30,776.33,-0.006539209664209733
2016-10-03,774.25,-0.002679272989579262
2016-10-04,776.03,0.002298999031320692
2016-10-05,779.31,0.004226640722652331
2016-10-06,779.0,-0.000397787786631687
2016-10-07,779.66,0.0008472400513477307
2016-10-10,777.71,-0.0025010902188132844
2016-10-11,786.66,0.011508145709840267
2016-10-12,783.76,-0.003686471919253531
2016-10-13,781.22,-0.0032407879963253228
2016-10-14,781.65,0.0005504211361715416
2016-10-17,779.8,-0.002366788204439363
2016-10-18,787.85,0.010323159784560332
2016-10-19,798.86,0.013974741384781275
2016-10-20,803.3,0.005557920036051378
2016-10-21,795.0,-0.010332378936885322
2016-10-24,804.9,0.012452830188679265
2016-10-25,816.68,0.014635358429618606
2016-10-26,806.34,-0.012661017779301509
2016-10-27,801.0,-0.0066225165562914245
2016-10-28,808.35,0.009176029962546739
2016-10-31,795.47,-0.015933692088822893
2016-11-01,782.89,-0.01581454988874509
2016-11-02,778.2,-0.005990624481089224
2016-11-03,767.25,-0.014070932922128021
2016-11-04,750.66,-0.02162267839687204
2016-11-07,774.5,0.031758718993952106
2016-11-08,783.4,0.011491284699806315
2016-11-09,779.94,-0.0044166453918814685
2016-11-10,791.17,0.014398543477703196
2016-11-11,756.54,-0.043770618198364475
2016-11-14,755.6,-0.0012424987442830604
2016-11-15,746.97,-0.011421386977236603
2016-11-16,755.2,0.01101784542886608
2016-11-17,766.92,0.015519067796610164
2016-11-18,771.37,0.005802430501225642
2016-11-21,762.61,-0.0113564178020924
2016-11-22,772.63,0.013139088131548293
2016-11-23,767.73,-0.006341974813300011
2016-11-25,764.26,-0.004519818165240386
2016-11-28,760.0,-0.005574019312799328
2016-11-29,771.53,0.015171052631578918
2016-11-30,770.07,-0.0018923437844282631
2016-12-01,757.44,-0.016401106392925358
2016-12-02,744.59,-0.01696504013519229
2016-12-05,757.71,0.017620435407405433
2016-12-06,764.73,0.009264758284831975
2016-12-07,761.0,-0.004877538477632615
2016-12-08,772.48,0.015085413929040836
2016-12-09,780.0,0.009734879867439927
2016-12-12,785.04,0.0064615384615385185
2016-12-13,793.9,0.011286049118516273
2016-12-14,797.4,0.00440861569467188
2016-12-15,797.34,-7.524454477048081e-05
2016-12-16,800.4,0.0038377605538415516
2016-12-19,790.22,-0.01271864067966011
2016-12-20,796.76,0.008276176254713885
2016-12-21,795.84,-0.0011546764395802267
2016-12-22,792.36,-0.004372738238841989
2016-12-23,790.9,-0.0018425967994346593
2016-12-27,790.68,-0.0002781641168290161
2016-12-28,793.7,0.003819497141700934
2016-12-29,783.33,-0.013065389945823402
2016-12-30,782.75,-0.0007404286826753204
2017-01-03,778.81,-0.0050335356116257834
2017-01-04,788.36,0.012262297607888994
2017-01-05,786.08,-0.0028920797605154203
2017-01-06,795.26,0.011678200692041507
2017-01-09,806.4,0.01400799738450309
2017-01-10,807.86,0.0018105158730159499
2017-01-11,805.0,-0.0035402173643948043
2017-01-12,807.14,0.0026583850931676256
2017-01-13,807.48,0.0004212404291696892
2017-01-17,807.08,-0.0004953683063357861
2017-01-18,805.81,-0.0015735738712396863
2017-01-19,805.12,-0.0008562812573682521
2017-01-20,806.91,0.0022232710651828302
2017-01-23,807.25,0.00042136049869268
2017-01-24,822.3,0.018643542892536225
2017-01-25,829.62,0.008901860634804803
2017-01-26,837.81,0.009871989585593433
2017-01-27,834.71,-0.003700122939568562
2017-01-30,814.66,-0.024020318433947252
2017-01-31,796.86,-0.021849605970588937
2017-02-01,799.68,0.003538890143814477
2017-02-02,793.8,-0.007352941176470562
2017-02-03,802.99,0.011577223481985532
2017-02-06,799.7,-0.004097186764467797
2017-02-07,803.99,0.005364511691884344
2017-02-08,807.0,0.00374382765954806
2017-02-09,809.51,0.003110285006195701
2017-02-10,811.7,0.0027053402675694116
2017-02-13,816.0,0.005297523715658503
2017-02-14,819.0,0.003676470588235281
2017-02-15,819.36,0.0004395604395603936
2017-02-16,819.93,0.0006956649091973688
2017-02-17,823.02,0.00376861439391174
2017-02-21,828.66,0.006852810381278607
2017-02-22,828.66,0.0
2017-02-23,830.12,0.0017618806265538023
2017-02-24,827.73,-0.002879101816604779
2017-02-27,824.55,-0.003841832481606411
2017-02-28,825.61,0.0012855496937724809
2017-03-01,828.85,0.003924371071086785
2017-03-02,833.85,0.0060324546057790585
2017-03-03,830.56,-0.003945553756670939
2017-03-06,826.95,-0.004346465035638514
2017-03-07,827.4,0.0005441683294031829
2017-03-08,833.51,0.007384578196760971
2017-03-09,836.0,0.0029873666782642694
2017-03-10,843.28,0.008708133971291776
2017-03-13,844.0,0.0008538089365335289
2017-03-14,843.64,-0.0004265402843601773
2017-03-15,847.59,0.004682091887534989
2017-03-16,849.03,0.0016989346264113525
2017-03-17,851.61,0.003038761881205554
2017-03-20,850.01,-0.0018787942837684701
2017-03-21,851.4,0.0016352748791190752
2017-03-22,831.91,-0.022891707775428705
2017-03-23,821.0,-0.013114399394165144
2017-03-24,820.08,-0.0011205846528623553
2017-03-27,806.95,-0.016010633108965
2017-03-28,820.41,0.016680091703327182
2017-03-29,825.0,0.005594763593812946
2017-03-30,833.5,0.010303030303030258
2017-03-31,828.97,-0.005434913017396514
2017-04-03,829.22,0.0003015790680001018
2017-04-04,831.36,0.002580738525361115
2017-04-05,835.51,0.004991820631254695
2017-04-06,832.4,-0.003722277411401409
2017-04-07,827.96,-0.0053339740509369404
2017-04-10,825.39,-0.003104014686699852
2017-04-11,824.71,-0.0008238529664763572
2017-04-12,821.93,-0.0033708818857538514
2017-04-13,822.14,0.0002554962101395386
2017-04-17,825.01,0.003490889629503391
2017-04-18,834.22,0.01116350104847208
2017-04-19,839.79,0.0066768957828868825
2017-04-20,841.44,0.001964776908512933
2017-04-21,842.88,0.0017113519680547196
2017-04-24,851.2,0.009870918754745661
2017-04-25,865.0,0.016212406015037484
2017-04-26,874.23,0.010670520231213843
2017-04-27,873.6,-0.0007206341580591191
2017-04-28,910.66,0.04242216117216113
2017-05-01,901.94,-0.009575472734060897
2017-05-02,909.62,0.008514978823425112
2017-05-03,914.86,0.005760647303269417
2017-05-04,926.07,0.012253240933038922
2017-05-05,933.54,0.008066344876737075
2017-05-08,926.12,-0.007948240032564224
2017-05-09,936.95,0.011693948948300559
2017-05-10,931.98,-0.005304445274561087
2017-05-11,925.32,-0.007146076096053555
2017-05-12,931.53,0.006711191803916439
2017-05-15,932.95,0.0015243738795316375
2017-05-16,940.0,0.007556675062972307
2017-05-17,935.67,-0.0046063829787234
2017-05-18,921.0,-0.015678604636249927
2017-05-19,931.47,0.011368078175895802
2017-05-22,935.0,0.0037897087399485496
2017-05-23,947.92,0.01381818181818173
2017-05-24,952.98,0.005338003207021824
2017-05-25,957.33,0.004564628848454433
2017-05-26,969.7,0.01292135418298801
2017-05-30,970.31,0.0006290605341856548
2017-05-31,975.02,0.004854118786779438
2017-06-01,968.95,-0.006225513322803522
2017-06-02,969.46,0.0005263429485524718
2017-06-05,976.55,0.007313349699832772
2017-06-06,983.16,0.0067687266397009616
2017-06-07,980.0,-0.0032141258798160655
2017-06-08,982.35,0.0023979591836735814
2017-06-09,984.5,0.00218862930727326
2017-06-12,939.56,-0.0456475368207212
2017-06-13,951.91,0.01314445059389513
2017-06-14,959.92,0.008414661049889194
2017-06-15,933.97,-0.0270335027918992
2017-06-16,940.0,0.00645631015985515
2017-06-19,949.96,0.010595744680851116
2017-06-20,957.52,0.007958229820203
2017-06-21,953.64,-0.004052134681259867
2017-06-22,958.7,0.005305985487185971
2017-06-23,956.83,-0.001950558047355777
2017-06-26,969.9,0.013659688763939082
2017-06-27,942.46,-0.028291576451180522
2017-06-28,929.0,-0.01428177323175528
2017-06-29,929.92,0.00099031216361678
2017-06-30,926.05,-0.004161648313833477
2017-07-03,912.18,-0.014977593002537648
2017-07-05,901.76,-0.011423184020697641
2017-07-06,904.12,0.0026171043293115037
2017-07-07,908.85,0.00523160642392595
2017-07-10,921.77,0.014215767178302308
2017-07-11,929.54,0.00842943467459345
2017-07-12,938.68,0.00983282053488832
2017-07-13,946.29,0.008107129160097148
2017-07-14,952.0,0.00603409102917718
2017-07-17,957.0,0.005252100840336116
2017-07-18,953.0,-0.004179728317659337
2017-07-19,967.84,0.015571878279118545
2017-07-20,975.0,0.007397917011076283
2017-07-21,962.25,-0.013076923076923097
2017-07-24,972.22,0.01036113276175632
2017-07-25,953.81,-0.01893604328238474
2017-07-26,954.68,0.0009121313469140357
2017-07-27,951.78,-0.0030376670716889542
2017-07-28,929.4,-0.023513837231292967
2017-07-31,941.89,0.013438777706046956
2017-08-01,932.38,-0.010096720423828698
2017-08-02,928.61,-0.004043415774684145
2017-08-03,930.34,0.0018629995369423558
2017-08-04,926.75,-0.0038588043081024814
2017-08-07,929.06,0.0024925816023737557
2017-08-08,927.09,-0.002120422792930343
2017-08-09,920.61,-0.006989612658965139
2017-08-10,917.55,-0.0033238830775247363
2017-08-11,907.97,-0.010440847910195505
2017-08-14,922.53,0.016035772107007906
2017-08-15,924.23,0.001842758501078512
2017-08-16,925.29,0.0011469006632547352
2017-08-17,925.78,0.0005295637043520873
2017-08-18,910.31,-0.016710233532804764
2017-08-21,910.0,-0.000340543331392551
2017-08-22,912.72,0.002989010989010943
2017-08-23,921.93,0.01009071785432547
2017-08-24,928.66,0.007299903463386714
2017-08-25,923.49,-0.005567161286154199
2017-08-28,916.0,-0.008110537201269086
2017-08-29,905.1,-0.011899563318777284
2017-08-30,920.05,0.016517511877140567
2017-08-31,931.76,0.012727569153850427
2017-09-01,941.13,0.010056237657765976
2017-09-05,933.08,-0.008553547331399458
2017-09-06,930.15,-0.003140138037467377
2017-09-07,931.73,0.0016986507552545493
2017-09-08,936.49,0.005108776147596306
2017-09-11,934.25,-0.0023919102179414953
2017-09-12,932.59,-0.0017768263312817334
2017-09-13,930.66,-0.0020695053560515486
2017-09-14,931.25,0.0006339586959791532
2017-09-15,924.66,-0.007076510067114183
2017-09-18,920.01,-0.00502887547855424
2017-09-19,917.42,-0.0028151867914479878
2017-09-20,922.98,0.006060473937782085
2017-09-21,933.0,0.010856139894688921
2017-09-22,927.75,-0.00562700964630225
2017-09-25,925.45,-0.002479116141201776
2017-09-26,923.72,-0.0018693608514777083
2017-09-27,927.74,0.004351968128870176
2017-09-28,941.36,0.014680837303554961
2017-09-29,952.0,0.011302795954788891
2017-10-02,959.98,0.008382352941176396
2017-10-03,954.0,-0.00622929644367598
2017-10-04,957.0,0.003144654088050425
2017-10-05,955.49,-0.0015778474399164022
2017-10-06,966.7,0.01173220023234145
2017-10-09,980.0,0.013758146270818283
2017-10-10,980.0,0.0
2017-10-11,973.72,-0.006408163265306133
2017-10-12,987.45,0.014100562790124505
2017-10-13,992.0,0.004607828244467926
2017-10-16,992.1,0.00010080645161303359
2017-10-17,990.29,-0.0018244128616067279
2017-10-18,991.77,0.001494511708691304
2017-10-19,986.0,-0.005817881161962912
2017-10-20,989.44,0.0034888438133875432
2017-10-23,989.52,8.085381629996391e-05
2017-10-24,970.0,-0.019726736195327055
2017-10-25,968.37,-0.0016804123711340324
2017-10-26,980.0,0.012009872259570287
2017-10-27,1009.19,0.029785714285714304
2017-10-30,1014.0,0.004766198634548413
2017-10-31,1015.22,0.001203155818540358
2017-11-01,1017.21,0.0019601662693800037
2017-11-02,1021.76,0.004473019337206674
2017-11-03,1022.11,0.00034254619480122983
2017-11-06,1028.99,0.006731173748422359
2017-11-07,1027.27,-0.0016715419974927537
2017-11-08,1030.52,0.00316372521342978
2017-11-09,1033.99,0.0033672320770097297
2017-11-10,1026.46,-0.007282468882677806
2017-11-13,1023.42,-0.0029616351343453307
2017-11-14,1022.59,-0.000811006233999656
2017-11-15,1019.21,-0.003305332537967276
2017-11-16,1022.52,0.003247613347592715
2017-11-17,1034.01,0.011236944020654782
2017-11-20,1020.26,-0.013297743735553813
2017-11-21,1023.31,0.002989434065826302
2017-11-22,1035.0,0.011423713244276046
2017-11-24,1035.87,0.0008405797101447288
2017-11-27,1040.0,0.003986986784056068
2017-11-28,1055.09,0.01450961538461537
2017-11-29,1042.68,-0.011762029779449956
2017-11-30,1022.37,-0.019478651168143735
2017-12-01,1015.8,-0.006426244901552303
2017-12-04,1012.66,-0.003091159677101829
2017-12-05,995.94,-0.016510971105800465
2017-12-06,1001.5,0.00558266562242693
2017-12-07,1020.43,0.018901647528706933
2017-12-08,1037.49,0.01671844222533636
2017-12-11,1035.5,-0.0019180907767786248
2017-12-12,1039.63,0.003988411395461133
2017-12-13,1046.12,0.006242605542356117
2017-12-14,1045.0,-0.0010706228730928968
2017-12-15,1054.61,0.009196172248803647
2017-12-18,1066.08,0.010876058448146653
2017-12-19,1075.2,0.00855470508779832
2017-12-20,1071.78,-0.003180803571428692
2017-12-21,1064.95,-0.006372576461587176
2017-12-22,1061.11,-0.003605803089347104
2017-12-26,1058.07,-0.0028649244658894846
2017-12-27,1057.39,-0.0006426795958678344
2017-12-28,1051.6,-0.005475746886201116
2017-12-29,1046.72,-0.004640547736781908
2018-01-02,1048.34,0.001547691837358478
2018-01-03,1064.31,0.015233607417440842
2018-01-04,1088.0,0.022258552489406336
2018-01-05,1094.0,0.005514705882353033
2018-01-08,1102.23,0.0075228519195613686
2018-01-09,1109.4,0.00650499442040231
2018-01-10,1097.1,-0.011087074094105032
2018-01-11,1106.3,0.008385744234800985
2018-01-12,1102.41,-0.003516225255355554
2018-01-16,1132.51,0.02730381618454114
2018-01-17,1126.22,-0.0055540348429594655
2018-01-18,1131.41,0.004608335849123568
2018-01-19,1131.83,0.0003712182144401943
2018-01-22,1137.49,0.0050007509961744745
2018-01-23,1159.85,0.019657315668708986
2018-01-24,1177.33,0.015070914342371955
2018-01-25,1172.53,-0.004077021735622077
2018-01-26,1175.08,0.002174784440483357
2018-01-29,1176.48,0.0011914082445452223
2018-01-30,1167.83,-0.007352441180470626
2018-01-31,1170.57,0.0023462319001910092
2018-02-01,1162.61,-0.006800105931298428
2018-02-02,1122.0,-0.034930028126370805
2018-02-05,1090.6,-0.027985739750445715
2018-02-06,1027.18,-0.05815147625160444
2018-02-07,1081.54,0.05292159115247563
2018-02-08,1055.41,-0.024159994082511904
2018-02-09,1017.25,-0.03615656474734941
2018-02-12,1048.0,0.03022855738510688
2018-02-13,1045.0,-0.002862595419847347
2018-02-14,1048.95,0.0037799043062201054
2018-02-15,1079.07,0.02871442871442853
2018-02-16,1088.41,0.00865560158284473
2018-02-20,1090.57,0.0019845462647347656
2018-02-21,1106.47,0.014579531804469248
2018-02-22,1116.19,0.008784693665440546
2018-02-23,1112.64,-0.003180462107705617
2018-02-26,1127.8,0.013625251653724302
2018-02-27,1141.24,0.011917006561447119
2018-02-28,1123.03,-0.015956328204409287
2018-03-01,1107.87,-0.013499194144412918
2018-03-02,1053.08,-0.049455260996326245
2018-03-05,1075.14,0.020948076119573278
2018-03-06,1099.22,0.02239708317056377
2018-03-07,1089.19,-0.009124652025982005
2018-03-08,1115.32,0.02399030472185748
2018-03-09,1136.0,0.018541763798730404
2018-03-12,1163.85,0.02451584507042237
2018-03-13,1170.0,0.0052841861064572004
2018-03-14,1145.21,-0.021188034188034166
2018-03-15,1149.96,0.004147710900184176
2018-03-16,1154.14,0.0036349090403144935
2018-03-19,1120.01,-0.029571802380993772
2018-03-20,1099.0,-0.018758761082490305
2018-03-21,1092.74,-0.005696087352138335
2018-03-22,1081.88,-0.00993832018595453
2018-03-23,1047.03,-0.0322124450031428
2018-03-26,1046.0,-0.0009837349455125155
2018-03-27,1063.0,0.016252390057361454
2018-03-28,998.0,-0.06114769520225771
2018-03-29,1011.63,0.013657314629258455
2018-04-02,1022.82,0.0110613564247799
2018-04-03,1013.91,-0.008711210183610096
2018-04-04,993.41,-0.020218757088893535
2018-04-05,1041.33,0.048237887679809965
2018-04-06,1020.0,-0.020483420241421912
2018-04-09,1016.8,-0.0031372549019608176
2018-04-10,1026.44,0.009480723839496497
2018-04-11,1027.99,0.0015100736526245662
2018-04-12,1025.04,-0.0028696777206004276
2018-04-13,1040.88,0.015453055490517675
2018-04-16,1037.0,-0.0037276150949198117
2018-04-17,1051.37,0.013857280617164847
2018-04-18,1077.43,0.02478670686818174
2018-04-19,1069.4,-0.007452920375337624
2018-04-20,1082.0,0.011782307836169625
2018-04-23,1077.86,-0.0038262476894640463
2018-04-24,1052.0,-0.02399198411667558
2018-04-25,1025.52,-0.025171102661596945
2018-04-26,1029.51,0.0038907091036741726
2018-04-27,1046.0,0.01601732863206773
2018-04-30,1030.01,-0.015286806883365256
2018-05-01,1013.66,-0.015873632294832074
2018-05-02,1028.1,0.014245407730402615
2018-05-03,1019.0,-0.008851279058457284
2018-05-04,1016.9,-0.0020608439646713217
2018-05-07,1049.23,0.03179270331399353
2018-05-08,1058.54,0.008873173660684408
2018-05-09,1058.1,-0.0004156668619041959
2018-05-10,1086.03,0.026396370853416506
2018-05-11,1093.6,0.006970341519110912
2018-05-14,1100.0,0.00585223116313105
2018-05-15,1090.0,-0.009090909090909038
2018-05-16,1077.31,-0.01164220183486242
2018-05-17,1079.89,0.0023948538489386717
2018-05-18,1061.86,-0.01669614497772942
2018-05-21,1074.06,0.011489273538884737
2018-05-22,1083.56,0.008844943485466272
2018-05-23,1065.13,-0.017008748938683427
2018-05-24,1079.0,0.013021884652577587
2018-05-25,1079.02,1.8535681186371278e-05
2018-05-29,1064.89,-0.013095216029359813
2018-05-30,1063.03,-0.0017466592793623503
2018-05-31,1067.56,0.004261403723319068
2018-06-01,1099.35,0.029778185769418153
2018-06-04,1122.33,0.02090326101787432
2018-06-05,1140.99,0.016626126005720332
2018-06-06,1142.17,0.0010341896072709744
2018-06-07,1131.32,-0.009499461551257804
2018-06-08,1118.18,-0.01161475091044084
2018-06-11,1118.6,0.0003756103668459687
2018-06-12,1131.07,0.011147863400679414
2018-06-13,1141.12,0.008885391708735924
2018-06-14,1143.85,0.0023923864273696083
2018-06-15,1148.86,0.004379944922848322
2018-06-18,1143.65,-0.00453493027871088
2018-06-19,1158.5,0.012984741835351699
2018-06-20,1175.31,0.014510142425550265
2018-06-21,1174.85,-0.00039138610239009
2018-06-22,1159.14,-0.013371919819551326
2018-06-25,1143.6,-0.013406491019204103
2018-06-26,1128.0,-0.01364113326337868
2018-06-27,1121.34,-0.005904255319148954
2018-06-28,1102.09,-0.01716696095742598
2018-06-29,1120.0,0.016250941393171292
2018-07-02,1099.0,-0.018750000000000044
2018-07-03,1135.82,0.03350318471337577
2018-07-05,1110.53,-0.02226585198358888
2018-07-06,1123.58,0.011751145849279165
2018-07-09,1148.48,0.022161305826020383
2018-07-10,1156.98,0.007401086653664013
2018-07-11,1144.59,-0.01070891458797918
2018-07-12,1159.89,0.013367231934579449
2018-07-13,1185.0,0.021648604609057598
2018-07-16,1189.39,0.003704641350211091
2018-07-17,1172.22,-0.014435971380287405
2018-07-18,1196.56,0.02076402040572578
2018-07-19,1191.0,-0.004646653740723372
2018-07-20,1186.96,-0.0033921074727120137
2018-07-23,1181.01,-0.005012805823279676
2018-07-24,1262.59,0.06907646844649906
2018-07-25,1239.13,-0.01858085364211648
2018-07-26,1251.0,0.00957930160677245
2018-07-27,1271.0,0.015987210231814597
2018-07-30,1228.01,-0.033823760818253334
2018-07-31,1220.01,-0.006514604929927281
2018-08-01,1228.0,0.0065491266465029785
2018-08-02,1205.9,-0.017996742671009702
2018-08-03,1229.62,0.019669956049423565
2018-08-06,1225.0,-0.003757258339974867
2018-08-07,1237.0,0.009795918367346834
2018-08-08,1240.47,0.0028051738075991484
2018-08-09,1249.9,0.007601957322627806
2018-08-10,1243.0,-0.0055204416353309416
2018-08-13,1236.98,-0.004843121480289647
2018-08-14,1235.19,-0.0014470727093404134
2018-08-15,1229.26,-0.004800880836146715
2018-08-16,1224.73,-0.0036851439077167925
2018-08-17,1202.03,-0.01853469744351821
2018-08-20,1205.02,0.0024874587156726857
2018-08-21,1208.0,0.002472988000199239
2018-08-22,1200.0,-0.0066225165562914245
2018-08-23,1207.14,0.005950000000000122
2018-08-24,1208.82,0.0013917192703414294
2018-08-27,1227.6,0.01553581178339214
2018-08-28,1241.29,0.011151840990550665
2018-08-29,1237.45,-0.003093555897493716
2018-08-30,1244.23,0.005479009252899125
2018-08-31,1234.98,-0.007434316806378294
2018-09-04,1204.27,-0.024866799462339495
2018-09-05,1193.8,-0.00869406362360603
2018-09-06,1186.3,-0.0062824593734294165
2018-09-07,1158.67,-0.02329090449296123
2018-09-10,1172.19,0.011668551011073003
2018-09-11,1161.63,-0.009008778440355192
2018-09-12,1172.72,0.009546929745271715
2018-09-13,1170.74,-0.0016883825636128114
2018-09-14,1179.1,0.007140782752788732
2018-09-17,1170.14,-0.00759901619879555
2018-09-18,1157.09,-0.011152511665270981
2018-09-19,1164.98,0.0068188299959381915
2018-09-20,1179.99,0.012884341362083385
2018-09-21,1192.0,0.010178052356375922
2018-09-24,1157.17,-0.029219798657718066
2018-09-25,1176.15,0.016402084395551242
2018-09-26,1185.15,0.007652085193215141
2018-09-27,1186.73,0.0013331645783234425
2018-09-28,1191.87,0.004331229513031554
2018-10-01,1199.89,0.006728921778382135
2018-10-02,1190.96,-0.00744234888198092
2018-10-03,1205.0,0.011788809028010938
2018-10-04,1195.33,-0.008024896265560244
2018-10-05,1167.5,-0.02328227351442691
2018-10-08,1150.11,-0.014895074946466913
2018-10-09,1146.15,-0.003443148916190464
2018-10-10,1131.08,-0.01314836626968563
2018-10-11,1072.94,-0.0514021996675742
2018-10-12,1108.0,0.0326765709172927
2018-10-15,1108.91,0.0008212996389891369
2018-10-16,1104.59,-0.0038957174162016495
2018-10-17,1126.46,0.01979920151368386
2018-10-18,1121.84,-0.004101344033521026
2018-10-19,1093.37,-0.02537795050987668
2018-10-22,1103.06,0.00886250765980412
2018-10-23,1080.89,-0.020098634707087393
2018-10-24,1104.25,0.021611819889165274
2018-10-25,1071.79,-0.029395517319447673
2018-10-26,1037.03,-0.03243172636430647
2018-10-29,1082.47,0.04381744018977285
2018-10-30,1008.46,-0.06837140983121937
2018-10-31,1059.81,0.050919223370287314
2018-11-01,1075.8,0.015087610043309718
2018-11-02,1073.73,-0.001924149470161729
2018-11-05,1055.0,-0.01744386391364683
2018-11-06,1039.48,-0.014710900473933641
2018-11-07,1069.0,0.02839881479201134
2018-11-08,1091.38,0.020935453695042128
2018-11-09,1073.99,-0.015933955176015813
2018-11-12,1061.39,-0.011731952811478652
2018-11-13,1043.29,-0.017053109601560368
2018-11-14,1050.0,0.006431577030356017
2018-11-15,1044.71,-0.005038095238095175
2018-11-16,1059.41,0.014070890486355125
2018-11-19,1057.2,-0.0020860667730151494
2018-11-20,1000.0,-0.05410518350359439
2018-11-21,1036.76,0.036759999999999904
2018-11-23,1030.0,-0.0065203132836915145
2018-11-26,1038.35,0.008106796116504666
2018-11-27,1041.0,0.0025521259690857168
2018-11-28,1048.76,0.007454370797310261
2018-11-29,1076.08,0.026049811205614226
2018-11-30,1089.07,0.01207159319009743
2018-12-03,1123.14,0.031283572222171374
2018-12-04,1103.12,-0.017825026265648303
2018-12-06,1034.26,-0.0624229458263833
2018-12-07,1060.01,0.024897027826658702
2018-12-10,1035.05,-0.023546947670305074
2018-12-11,1056.49,0.020713975170281618
2018-12-12,1068.0,0.010894565968442738
2018-12-13,1068.07,6.554307116091174e-05
2018-12-14,1049.98,-0.01693709213815564
2018-12-17,1037.51,-0.01187641669365136
2018-12-18,1026.09,-0.011007122822912607
2018-12-19,1033.99,0.007699129705971197
2018-12-20,1018.13,-0.015338639638681206
2018-12-21,1015.3,-0.0027796057477925684
2018-12-24,973.9,-0.04077612528316754
2018-12-26,989.01,0.015514939932231187
2018-12-27,1017.15,0.02845269511936177
2018-12-28,1049.62,0.03192252863392797
2018-12-31,1050.96,0.0012766525028107267
2019-01-02,1016.57,-0.032722463271675384
2019-01-03,1041.0,0.02403179318689319
2019-01-04,1032.59,-0.008078770413064484
2019-01-07,1071.5,0.03768194539943259
2019-01-08,1076.11,0.00430237984134374
2019-01-09,1081.65,0.005148172584587218
2019-01-10,1067.66,-0.012933943512226653
2019-01-11,1063.18,-0.004196092388962791
2019-01-14,1046.92,-0.0152937414172577
2019-01-15,1050.17,0.003104344171474427
2019-01-16,1080.0,0.02840492491691804
2019-01-17,1079.47,-0.000490740740740736
2019-01-18,1100.0,0.019018592457409556
2019-01-22,1088.0,-0.010909090909090868
2019-01-23,1077.35,-0.00978860294117656
2019-01-24,1076.48,-0.0008075370121130021
2019-01-25,1085.0,0.007914684898929769
2019-01-28,1080.11,-0.004506912442396427
2019-01-29,1072.68,-0.006878928997972267
2019-01-30,1068.43,-0.0039620390051087195
2019-01-31,1103.0,0.03235588667484057
2019-02-01,1112.4,0.008522212148685426
2019-02-04,1112.66,0.00023372887450556767
2019-02-05,1124.84,0.010946740244099473
2019-02-06,1139.57,0.013095195761174905
2019-02-07,1104.16,-0.031073124073115133
2019-02-08,1087.0,-0.015541225909288636
2019-02-11,1096.95,0.009153633854645848
2019-02-12,1106.8,0.00897944300104836
2019-02-13,1124.99,0.016434766895554898
2019-02-14,1118.05,-0.006168943723944276
2019-02-15,1130.08,0.010759805017664714
2019-02-19,1110.0,-0.01776865354665147
2019-02-20,1119.99,0.009000000000000119
2019-02-21,1110.84,-0.008169715801033983
2019-02-22,1100.9,-0.008948183356738859
2019-02-25,1116.0,0.013716050504132937
2019-02-26,1105.75,-0.009184587813620082
2019-02-27,1106.95,0.001085236264978473
2019-02-28,1111.3,0.0039297167893761475
2019-03-01,1124.9,0.012237919553675924
2019-03-04,1146.99,0.019637301093430537
2019-03-05,1150.06,0.0026765708506613084
2019-03-06,1162.49,0.010808131749648009
2019-03-07,1155.72,-0.005823706010374297
2019-03-08,1126.73,-0.02508393036375589
2019-03-11,1144.45,0.015726926592883883
2019-03-12,1178.26,0.029542575036043406
2019-03-13,1200.64,0.018994109958752725
2019-03-14,1194.51,-0.005105610341151423
2019-03-15,1193.38,-0.0009459945919245705
2019-03-18,1183.3,-0.008446597060450256
2019-03-19,1188.81,0.004656469196315349
2019-03-20,1197.35,0.007183654242477688
2019-03-21,1216.0,0.015576063807575036
2019-03-22,1226.32,0.00848684210526307
2019-03-25,1196.93,-0.023966012133863845
2019-03-26,1198.53,0.001336753193586837
2019-03-27,1185.5,-0.01087165110593813
2019-03-28,1171.54,-0.011775622100379635
2019-03-29,1174.9,0.0028680198712807137
2019-04-01,1184.1,0.007830453655630176
2019-04-02,1195.32,0.009475551051431497
2019-04-03,1207.48,0.01017300806478616
2019-04-04,1205.94,-0.0012753834432039923
2019-04-05,1214.99,0.007504519296150702
2019-04-08,1207.89,-0.005843669495222081
2019-04-09,1196.0,-0.009843611587147971
2019-04-10,1200.68,0.003913043478260825
2019-04-11,1203.96,0.0027317853216510812
2019-04-12,1210.0,0.005016777966045272
2019-04-15,1218.0,0.006611570247933907
2019-04-16,1225.0,0.005747126436781658
2019-04-17,1233.0,0.0065306122448980375
2019-04-18,1239.18,0.0050121654501216195
2019-04-22,1235.99,-0.002574282993592636
2019-04-23,1250.69,0.01189330010760603
2019-04-24,1264.12,0.010738072583933445
2019-04-25,1264.77,0.0005141916906623578
2019-04-26,1269.0,0.0033444816053511683
2019-04-29,1274.0,0.003940110323088941
2019-04-30,1185.0,-0.06985871271585553
2019-05-01,1188.05,0.002573839662447286
2019-05-02,1167.76,-0.01707840579100206
2019-05-03,1173.65,0.005043844625608029
2019-05-06,1166.26,-0.006296596089123807
2019-05-07,1180.47,0.012184247080410993
2019-05-08,1172.01,-0.007166637017459232
2019-05-09,1159.03,-0.011074990827723341
2019-05-10,1163.59,0.003934324391948296
2019-05-13,1141.96,-0.018589021906341485
2019-05-14,1137.21,-0.004159515219447241
2019-05-15,1117.87,-0.017006533533824086
2019-05-16,1164.51,0.04172220383407743
2019-05-17,1168.47,0.0034005719143674895
2019-05-20,1144.5,-0.02051400549436444
2019-05-21,1148.49,0.003486238532110164
2019-05-22,1146.75,-0.0015150327821749077
2019-05-23,1140.5,-0.00545018530630037
2019-05-24,1147.36,0.006014905743095156
2019-05-28,1134.0,-0.011644122158694703
2019-05-29,1127.52,-0.005714285714285783
2019-05-30,1115.54,-0.010625088690222828
2019-05-31,1101.29,-0.012774082507126638
2019-06-03,1065.5,-0.03249825204986878
2019-06-04,1042.9,-0.02121069920225238
2019-06-05,1051.54,0.008284591044203538
2019-06-06,1044.99,-0.006228959430929826
2019-06-07,1050.63,0.005397180834266546
2019-06-10,1072.98,0.02127295051540501
2019-06-11,1093.98,0.01957166023597834
2019-06-12,1078.0,-0.014607214025850634
2019-06-13,1083.64,0.005231910946196683
2019-06-14,1086.42,0.0025654276327931047
2019-06-17,1086.28,-0.00012886360707653477
2019-06-18,1109.69,0.021550613101594562
2019-06-19,1105.6,-0.0036857140282422485
2019-06-20,1119.99,0.01301555716353131
2019-06-21,1109.24,-0.009598299984821312
2019-06-24,1119.61,0.00934874328368962
2019-06-25,1112.66,-0.006207518689543501
2019-06-26,1086.5,-0.023511225351859566
2019-06-27,1084.0,-0.0023009664058905033
2019-06-28,1076.39,-0.007020295202951887
2019-07-01,1098.0,0.020076366372782983
2019-07-02,1102.24,0.003861566484517409
2019-07-03,1117.41,0.01376288285672822
2019-07-05,1117.8,0.00034902139769643625
2019-07-08,1125.17,0.006593308284129629
2019-07-09,1111.8,-0.011882648844174781
2019-07-10,1131.22,0.01746717035438028
2019-07-11,1143.25,0.010634536164495056
2019-07-12,1143.99,0.0006472774983599106
2019-07-15,1146.86,0.002508763188489249
2019-07-16,1146.0,-0.0007498735678286295
2019-07-17,1150.97,0.004336823734729434
2019-07-18,1141.74,-0.008019322832045983
2019-07-19,1148.19,0.005649272163539942
2019-07-22,1133.45,-0.012837596565028475
2019-07-23,1144.0,0.009307865366800394
2019-07-24,1131.9,-0.01057692307692304
2019-07-25,1137.82,0.005230144005654136
2019-07-26,1224.04,0.07577648485700728
2019-07-29,1241.05,0.013896604686121306
2019-07-30,1225.41,-0.012602231980983758
2019-07-31,1223.0,-0.001966688700108632
2019-08-01,1214.03,-0.007334423548650881
2019-08-02,1200.74,-0.010947011194122003
2019-08-05,1170.04,-0.02556756666722193
2019-08-06,1163.31,-0.005751940104611775
2019-08-07,1156.0,-0.006283793657752446
2019-08-08,1182.83,0.023209342560553514
2019-08-09,1197.99,0.012816719224233442
2019-08-12,1179.21,-0.01567625773170056
2019-08-13,1171.46,-0.006572196640123429
2019-08-14,1176.31,0.00414013282570469
2019-08-15,1163.5,-0.010889986483154868
2019-08-16,1179.55,0.013794585302965068
2019-08-19,1190.09,0.008935611038107805
2019-08-20,1195.25,0.004335806535640252
2019-08-21,1193.15,-0.0017569546120057566
2019-08-22,1194.07,0.0007710681808656972
2019-08-23,1181.99,-0.010116659827313246
2019-08-26,1157.26,-0.0209223428286196
2019-08-27,1180.53,0.020107840934621368
2019-08-28,1161.71,-0.0159419921560654
2019-08-29,1181.12,0.01670812853465997
2019-08-30,1198.5,0.01471484692495273
2019-09-03,1177.03,-0.01791405924071754
2019-09-04,1176.71,-0.00027187072546996927
2019-09-05,1191.53,0.012594437032063865
2019-09-06,1208.13,0.013931667687762994
2019-09-09,1204.0,-0.0034185062865752514
2019-09-10,1195.15,-0.007350498338870359
2019-09-11,1203.41,0.006911266368238245
2019-09-12,1224.3,0.017359004827947055
2019-09-13,1231.35,0.005758392550845315
2019-09-16,1229.52,-0.0014861737117797258
2019-09-17,1230.4,0.0007157264623594006
2019-09-18,1227.51,-0.0023488296488947125
2019-09-19,1232.06,0.003706690780523214
2019-09-20,1233.12,0.0008603477103388268
2019-09-23,1226.0,-0.00577397171402616
2019-09-24,1240.0,0.011419249592169667
2019-09-25,1215.82,-0.019500000000000073
2019-09-26,1241.96,0.021499893076277754
2019-09-27,1243.01,0.0008454378562916531
2019-09-30,1220.97,-0.01773115260536917
2019-10-01,1219.0,-0.0016134712564600528
2019-10-02,1196.98,-0.018063986874487292
2019-10-03,1180.0,-0.014185700680044766
2019-10-04,1191.89,0.010076271186440833
2019-10-07,1204.4,0.010495935027561298
2019-10-08,1197.59,-0.005654267685154535
2019-10-09,1199.35,0.001469618149784191
2019-10-10,1198.58,-0.0006420144244798642
2019-10-11,1222.21,0.019714996078693314
2019-10-14,1212.34,-0.008075535300807624
2019-10-15,1220.4,0.006648299981853345
2019-10-16,1241.17,0.017019010160603143
2019-10-17,1250.93,0.007863548103805185
2019-10-18,1253.46,0.002022495263523938
2019-10-21,1252.26,-0.0009573500550477121
2019-10-22,1247.85,-0.00352163288773899
2019-10-23,1242.36,-0.004399567255679804
2019-10-24,1260.9,0.014923210663575937
2019-10-25,1251.03,-0.00782774208898418
2019-10-28,1275.45,0.019519915589554238
2019-10-29,1276.23,0.0006115488651063927
2019-10-30,1252.97,-0.018225554954827916
2019-10-31,1261.28,0.006632241793498528
2019-11-01,1265.0,0.0029493847519979077
2019-11-04,1276.45,0.009051383399209412
2019-11-05,1292.89,0.01287947040620474
2019-11-06,1289.46,-0.0026529712504544944
2019-11-07,1294.28,0.0037379988522325824
2019-11-08,1305.28,0.008498933770127115
2019-11-11,1303.18,-0.0016088502083843048
2019-11-12,1300.0,-0.0024401847787719477
2019-11-13,1294.07,-0.004561538461538506
2019-11-14,1297.5,0.002650552133965034
2019-11-15,1318.94,0.016524084778420045
2019-11-18,1332.22,0.010068691525012552
2019-11-19,1327.7,-0.003392833015568031
2019-11-20,1311.74,-0.01202078782857574
2019-11-21,1301.48,-0.007821671977678468
2019-11-22,1305.62,0.0031809939453544267
2019-11-25,1299.18,-0.004932522479741297
2019-11-26,1309.86,0.008220569897935404
2019-11-27,1315.0,0.003924083489838637
2019-11-29,1307.12,-0.005992395437262488
2019-12-02,1301.0,-0.004682049085011242
2019-12-03,1279.57,-0.01647194465795543
2019-12-04,1307.01,0.02144470408027699
2019-12-05,1328.0,0.0160595557799863
