Date,Change VIX,Lag 2 Change VIX,Lag 2 Significant VIX,Change SPY,Lag 2 Change SPY,Lag 2 Significant SPY
2015-01-02,0.11627906976744184,0.144707207207207,1,-0.007740756767152356,-0.020786897955228183,-1
2015-01-05,0.08051801801801806,0.05002605523710251,1,-0.010708401976935787,-0.013469167850320813,-1
2015-01-06,0.05940594059405924,-0.11805213969503192,-1,-0.010187588774060785,0.009500717502102962,0
2015-01-07,-0.008853910477127358,-0.18411910669975173,-1,-0.0033153545450047557,0.02472445635984519,1
2015-01-08,-0.11017369727047144,0.005019520356943662,0,0.012858703207228706,0.0019606882015587752,0
2015-01-09,-0.08310094813162294,0.1076642335766423,1,0.011715112004313522,-0.011046511627906982,-1
2015-01-12,0.0961070559610704,0.2691453940066594,1,-0.009641472868217149,-0.023286531970060132,-1
2015-01-13,0.010543840177580588,0.1658429434376716,1,-0.001418717283890203,-0.012198706643151131,-1
2015-01-14,0.25590334980779783,-0.0030607783121994,0,-0.021898883009994097,-0.0044077134986225674,0
2015-01-15,-0.07170966331438566,-0.054639660857277436,-1,0.009917355371900749,0.003818876159301742,0
2015-01-16,0.07395195478097039,-0.08245614035087714,-1,-0.014184397163120475,0.013734466971876993,1
2015-01-20,-0.11973684210526316,-0.10413552566018933,-1,0.018262313226341968,0.00785573122529646,0
2015-01-21,0.04235176880916791,-0.1974187380497133,-1,-0.0044466403162055634,0.021290322580645126,1
2015-01-22,-0.14053537284894846,-0.05672969966629586,-1,0.01235732009925572,0.0035295847835678158,0
2015-01-23,-0.0661846496106786,0.048243001786777984,1,0.008823961958919435,-0.013703289761407228,-1
2015-01-26,0.010125074449076843,0.0005896226415093166,0,-0.005248068419262286,-0.0026378779737190193,0
2015-01-27,0.03773584905660377,0.16249999999999995,1,-0.008499829026427652,-0.012760506478789986,-1
2015-01-28,-0.035795454545454734,0.19210371243370666,1,0.005912203773956737,-0.01763236518587449,-1
2015-01-29,0.20565704183853886,0.021016617790811324,1,-0.01856296223735121,-0.0016468709452040328,0
2015-01-30,-0.011241446725317685,-0.08996539792387545,-1,0.0009481984229962047,0.012115470907912484,1
2015-02-02,0.032624814631734944,-0.1469602680708473,-1,-0.002592611058483185,0.019345163709072608,1
2015-02-03,-0.11871708951651505,-0.06083650190114074,-1,0.014746313421644562,0.009162561576354748,0
2015-02-04,-0.032047800108636615,-0.08585858585858593,-1,0.0045320197044334,0.012946253432718786,1
2015-02-05,-0.029741863075196436,0.10815500289184506,1,0.004609650843468094,-0.0004393244166748189,0
2015-02-06,-0.05783689994216312,0.08778391651319828,1,0.008298350092746265,-0.003292021688613511,0
2015-02-09,0.17618170656844698,-0.09029227557411276,-1,-0.008665762974438329,0.008985691263368673,0
2015-02-10,-0.0751565762004176,-0.07505643340857779,-1,0.005420715925184227,0.009762968719642466,0
2015-02-11,-0.016365688487584573,-0.13310384394721747,-1,0.0035457548086264,0.01190649048932762,1
2015-02-12,-0.05966724039013194,-0.032946918852959174,-1,0.006195247083877753,0.007263456635720906,0
2015-02-13,-0.07809640024405129,0.1078755790866975,1,0.005676078695463938,0.002822021332568056,0
2015-02-17,0.04897418927862352,0.016403785488958978,1,0.0015784187114364912,4.775549188152295e-05,0
2015-02-18,0.05615141955835945,-0.06033452807646345,-1,0.0012416427889205828,-0.0008585328627301671,0
2015-02-19,-0.03763440860215049,-0.06579764121663555,-1,-0.0011924067537918415,0.0073062413447304375,0
2015-02-20,-0.02358783364369954,-0.0781945327399873,-1,0.00033427247982431574,0.007828909681115213,0
2015-02-23,-0.04322949777495233,-0.09368770764119602,-1,0.006969639106358727,0.003413292879491793,0
2015-02-24,-0.03654485049833889,-0.0655172413793103,-1,0.0008533232198730811,0.0018946570670708872,0
2015-02-25,-0.059310344827586126,0.03152492668621699,1,0.002557787040545545,-0.0018898233015213347,0
2015-02-26,-0.0065982404692082035,0.025830258302582995,1,-0.0006614381555324345,-0.0034984871406959577,0
2015-02-27,0.03837638376383756,-0.05117270788912585,-1,-0.0012291981845689026,0.000994035785288308,0
2015-03-02,-0.012082444918265822,0.02733812949640281,1,-0.002272081794944536,-0.0018028275927507136,0
2015-03-03,-0.03956834532374109,0.04943820224719103,1,0.0032735553657841088,-0.004019482668936466,0
2015-03-04,0.06966292134831464,0.023109243697479,1,-0.005059819359719997,0.00028517110266160776,0
2015-03-05,-0.018907563025210017,0.12205567451820135,1,0.0010456273764258839,-0.013673915107777015,-1
2015-03-06,0.04282655246252665,0.12731006160164268,1,-0.000759661950432089,-0.017818112705502234,-1
2015-03-09,0.07597535934291601,0.04580152671755729,1,-0.012924071082390907,-0.01179358813902001,-1
2015-03-10,0.04770992366412208,-0.0012143290831815165,0,-0.00495812072783286,-0.007014658216825586,0
2015-03-11,-0.0018214936247721305,-0.05900243309002436,-1,-0.006869527357167171,0.00720931365385561,0
2015-03-12,0.00060827250608253,-0.04072948328267477,-1,-0.00014613473622682172,0.007064211244275636,0
2015-03-13,-0.059574468085106365,0.05429864253393653,1,0.007356523433693862,0.004449388209121185,0
2015-03-16,0.020038784744667026,-0.07477820025348543,-1,-0.0002901774918991906,0.0032896328189249593,0
2015-03-17,0.033586818757921355,-0.09993868792152047,-1,0.004740941415509514,0.010929751071308249,1
2015-03-18,-0.10484365419987728,-0.07397260273972603,-1,-0.001444460494005595,0.01118665316553364,1
2015-03-19,0.005479452054794498,-0.0790190735694823,-1,0.012392111480785006,0.0021908935035243834,0
2015-03-20,-0.07901907356948235,-0.011834319526627227,-1,-0.0011907029910459555,0.000667588574698328,0
2015-03-23,0.0,-0.01923076923076921,-1,0.0033856277716846073,-0.0064157399486740535,0
2015-03-24,-0.01183431952662728,0.24550898203592825,1,-0.002708867978329033,-0.023302358827734036,-1
2015-03-25,-0.007485029940119682,0.18627450980392166,1,-0.00371694067190853,-0.018845362797149268,-1
2015-03-26,0.2549019607843137,-0.11298076923076927,-1,-0.01965848758788913,0.009855581576892964,0
2015-03-27,-0.0546875,-0.04831532104259376,-1,0.0008294301327087528,0.010383659142982476,1
2015-03-30,-0.061665607120152566,0.03794037940379407,1,0.009018671086628016,-0.002657261571166214,0
2015-03-31,0.014227642276422925,0.02204408817635271,1,0.0013527877089574147,-0.007912766573386019,0
2015-04-01,0.023380093520374068,0.028067885117493453,1,-0.004004631863359975,4.844257133164223e-05,0
2015-04-02,-0.0013054830287205776,-0.04771241830065362,-1,-0.003923848277866626,0.010893881918101395,1
2015-04-06,0.02941176470588225,-0.07365079365079366,-1,0.003987938916447886,0.005376864948653428,0
2015-04-07,-0.07492063492063494,-0.02951269732326697,-1,0.0068785119162952935,-0.00038487443471573417,0
2015-04-08,0.0013726835964309454,-0.09527073337902676,-1,-0.0014913884345232331,0.007949891592387267,0
2015-04-09,-0.030843043180260432,-0.06859971711456864,-1,0.0011081667068175702,0.010058715949562052,1
2015-04-10,-0.06647807637906655,0.0863636363636364,1,0.006834151506400986,-0.001673040152963644,0
2015-04-13,-0.002272727272727204,0.0311313591495824,1,0.0032026768642448022,0.0008576737980655017,0
2015-04-14,0.08883826879271073,-0.07461645746164576,-1,-0.00486015152237107,0.00564998802968641,0
2015-04-15,-0.052998605299860564,0.028718703976435975,1,0.005745750538664218,-0.00528445608188533,0
2015-04-16,-0.02282768777614141,0.030143180105501162,1,-9.521542489887569e-05,-0.004618387849354848,0
2015-04-17,0.05275056518462695,-0.08732999284180391,-1,-0.0051897347997905685,0.008279888963338708,0
2015-04-20,-0.02147458840372229,-0.051207022677395714,-1,0.0005743275581506777,0.004544150004783262,0
2015-04-21,-0.06730065837600585,0.016470588235294185,1,0.0077011384291589815,-0.0024683153747566424,0
2015-04-22,0.01725490196078439,-0.058596761757902835,-1,-0.003132861821806609,0.007856768725298823,0
2015-04-23,-0.0007710100231302919,-0.04783950617283958,-1,0.0006666349221466916,0.010373542707589849,1
2015-04-24,-0.05787037037037035,0.0859950859950859,1,0.007185343802046162,-0.004346593593498949,0
2015-04-27,0.010647010647010458,0.0891410048622366,1,0.003165454030048309,-0.004191588564969692,0
2015-04-28,0.07455429497568877,0.04751131221719463,1,-0.007488343616069316,-0.004080857929201925,0
2015-04-29,0.013574660633484116,0.0401785714285715,1,0.00332162854702478,-0.0096481271282633,0
2015-04-30,0.033482142857143016,-0.05543556515478771,-1,-0.007377979568671922,0.0064322469982847075,0
2015-05-01,0.0064794816414686105,-0.05507868383404861,-1,-0.002287021154945612,0.007784145176695298,0
2015-05-04,-0.06151645207439205,0.06173780487804883,1,0.008739255014326597,-0.007906073947829322,0
2015-05-05,0.006859756097561176,0.1718395155185465,1,-0.0009468352033328297,-0.014737241150547382,-1
2015-05-06,0.054504163512490544,-0.040918880114860036,-1,-0.00696583424157704,0.006298912006108003,0
2015-05-07,0.11127063890882982,-0.13759689922480625,-1,-0.00782592097728585,0.017554828780300145,1
2015-05-08,-0.13695090439276492,0.1025449101796408,1,0.014236244709503687,-0.006022382397571992,0
2015-05-11,-0.0007485029940119683,0.02097378277153566,1,0.003272003034901383,-0.005199224842841586,0
2015-05-12,0.10337078651685404,-0.10794297352342158,-1,-0.009264073356335834,0.007776346548351678,0
2015-05-13,-0.07467752885268153,-0.08584005869405721,-1,0.004102857688087269,0.009360003801016769,0
2015-05-14,-0.03595011005135729,-0.004566210045662138,0,0.0036584786430371437,0.004733951903048665,0
2015-05-15,-0.0517503805175038,0.03932584269662909,1,0.0056807422836584465,0.003765769158350647,0
2015-05-18,0.0497592295345104,-0.013761467889908235,-1,-0.0009414422895875908,0.004287598944591013,0
2015-05-19,-0.00993883792048933,0.0061776061776061845,0,0.004711647191858237,-0.002485462389795541,0
2015-05-20,-0.0038610038610037423,-0.04108527131782955,-1,-0.00042205965109731736,-0.0005160684963641268,0
2015-05-21,0.010077519379844802,0.03223330775134305,1,-0.0020642739854562775,-0.0014573832918057554,0
2015-05-22,-0.050652340752110565,0.1447049312853679,1,0.0015514080203091751,-0.008402177994742735,0
2015-05-26,0.08730800323362975,0.002973977695167355,0,-0.003004130679684525,-0.00032956685499055166,0
2015-05-27,0.0527881040892193,-0.04025423728813561,-1,-0.0054143126177024214,0.005349112426035482,0
2015-05-28,-0.04731638418079098,0.031875463306152686,1,0.005112426035503104,-0.0018367635284699047,0
2015-05-29,0.007412898443291294,0.08314937454010307,1,0.00023548250364990864,-0.006403616159713651,0
2015-06-01,0.024282560706401668,-0.013649425287356286,-1,-0.002071758169319149,0.00028309899028027875,0
2015-06-02,0.057471264367816126,-0.010190217391304372,-1,-0.00434085118429739,0.0002369443654629085,0
2015-06-03,-0.06725543478260876,0.0932265112891478,1,0.0046441095630744824,-0.00966981132075477,0
2015-06-04,0.06117989803350321,0.01853122855181877,1,-0.004386792452830246,-0.006775003553323574,0
2015-06-05,0.030199039121482363,0.011325782811459023,1,-0.005306296489316353,-0.00714455822814956,0
2015-06-08,-0.011325782811459021,-0.04043126684636116,-1,-0.0014765420338176405,-0.001287922152260932,0
2015-06-09,0.022911051212938016,-0.1409749670619236,-1,-0.005676397634039265,0.014535859918445675,1
2015-06-10,-0.06192358366271411,-0.06530898876404492,-1,0.0044135284240824895,0.006065816497110292,0
2015-06-11,-0.08426966292134841,0.18711656441717806,1,0.010077852605435256,-0.013429165878570095,-1
2015-06-12,0.0207055214723928,0.17355371900826436,1,-0.003972006809154549,-0.008118116217242592,0
2015-06-15,0.16303531179564246,-0.0529715762273902,-1,-0.009494872768704863,0.009346242331288428,0
2015-06-16,0.009043927648578752,-0.10179257362355952,-1,0.0013899539877302305,0.011391375101708684,1
2015-06-17,-0.06145966709346984,-0.08935879945429744,-1,0.007945244818838848,0.0041312502967852435,0
2015-06-18,-0.0429740791268759,-0.04347826086956518,-1,0.0034189657628567183,0.002839430221002292,0
2015-06-19,-0.04846756949394149,-0.0636704119850187,-1,0.0007098575552506593,0.003215738201078116,0
2015-06-22,0.005243445692883819,-0.06333830104321905,-1,0.0021280620448311804,-0.0008966070501627944,0
2015-06-23,-0.0685543964232489,0.03680000000000007,1,0.0010853664291443632,-0.004902422928254889,0
2015-06-24,0.005600000000000049,0.12410501193317425,1,-0.001979824644102845,-0.006754203665218245,0
2015-06-25,0.031026252983293645,0.2885802469135801,1,-0.002928395994710065,-0.014448128848886703,-1
2015-06-26,0.09027777777777768,0.2455767869780609,1,-0.0038370440549502227,-0.014408673736268968,-1
2015-06-29,0.1818825194621372,-0.004191616766467083,0,-0.010651956821532084,-0.001538091804854706,0
2015-06-30,0.05389221556886237,-0.12329545454545465,-1,-0.003797164143234944,0.0039081347100260655,0
2015-07-01,-0.05511363636363653,0.12146722790138302,1,0.00226768310334835,-0.009435324700332063,0
2015-07-02,-0.07215874924834631,0.1160077770576798,1,0.001636739999037129,-0.005334743115297666,0
2015-07-06,0.20868438107582632,-0.0680965147453083,-1,-0.01105397222088711,0.003158866695825325,0
2015-07-07,-0.07667560321715816,0.013937282229965271,1,0.005783155950818797,0.0003865481252415157,0
2015-07-08,0.009291521486643363,0.0040276179516686005,0,-0.002609199845380883,0.00421470787714371,0
2015-07-09,0.004602991944764101,-0.1242840778923254,-1,0.003003584923941593,0.009418469860896528,0
2015-07-10,-0.000572737686139857,-0.20286532951289396,-1,0.0012074961360124534,0.011722707318249828,1
2015-07-13,-0.12378223495702012,-0.12688031393067362,-1,0.008201070963384627,0.0083257572132637,0
2015-07-14,-0.0902550686723348,-0.09489575844716032,-1,0.003492990095219861,0.01025176425710474,1
2015-07-15,-0.04025880661394688,-0.11835205992509365,-1,0.004815945069616578,0.00740283775447256,0
2015-07-16,-0.05692883895131085,-0.027005559968228742,-1,0.005409766051345466,0.0041534903478547954,0
2015-07-17,-0.06513105639396344,0.05522514868309264,1,0.001982347666021456,0.0006594752461256526,0
2015-07-20,0.0407816482582839,0.0424489795918367,1,0.0021668472372697867,-0.008554641598119826,0
2015-07-21,0.013877551020408108,-0.02898550724637677,-1,-0.0015041128084606337,-0.0042366897330885726,0
2015-07-22,0.02818035426731069,0.007830853563038344,0,-0.0070611495551475825,-0.002986772863035109,0
2015-07-23,-0.05559906029757234,0.29353233830845765,1,0.002844545583843061,-0.016687940244882533,-1
2015-07-24,0.06716417910447747,0.15540015540015542,1,-0.005814778045667214,-0.011935330480266378,-1
2015-07-27,0.21212121212121213,-0.13012820512820508,-1,-0.010936757013789931,0.007115384615384566,0
2015-07-28,-0.04679487179487185,-0.1445864156018829,-1,-0.0010096153846154146,0.011405746186053249,1
2015-07-29,-0.08742434431741752,-0.11348563006632285,-1,0.008133211415371376,0.009261027305709366,0
2015-07-30,-0.06263817243920411,0.010220125786163443,1,0.0032461332824136324,0.0014274838218500732,0
2015-07-31,-0.054245283018867996,0.052369077306733236,1,0.005995432051770111,-0.008135464951281805,0
2015-08-03,0.06816292601828766,-0.06459143968871596,-1,-0.004540724623971149,-4.751496721476445e-05,0
2015-08-04,-0.014785992217898782,-0.03633491311216437,-1,-0.0036111375083152093,0.002813543156890813,0
2015-08-05,-0.050552922590837324,0.1289517470881864,1,0.0035765379113019686,-0.01088144452363978,-1
2015-08-06,0.014975041597337757,0.04344262295081977,1,-0.0007602755999049915,-0.004802891245422943,0
2015-08-07,0.11229508196721327,-0.024318349299926312,-1,-0.010128869656189088,0.0038912375096080047,0
2015-08-10,-0.06190125276344882,0.19324430479183025,1,0.005380476556495095,-0.01036888379204887,-1
2015-08-11,0.040062843676355035,0.0475830815709969,1,-0.0014812691131498301,-0.0011484902139063456,0
2015-08-12,0.14728096676737154,-0.09874917709019093,-1,-0.008900799157773753,0.006373424750132747,0
2015-08-13,-0.08689927583936807,0.03244412400865185,1,0.007821930375162767,-9.581756335927664e-05,0
2015-08-14,-0.012977649603460706,-0.02045288531775014,-1,-0.0014372634503904134,0.008779926114282896,0
2015-08-17,0.04601899196493786,0.036312849162011135,1,0.0013433766732235952,0.001820708159647336,0
2015-08-18,-0.06354748603351956,0.2341536167039523,1,0.007426572756456196,-0.017835061352611054,-1
2015-08-19,0.10663683818046232,0.5195417789757413,1,-0.0055645391420146035,-0.03520015304414373,-1
2015-08-20,0.11522911051212947,0.693655589123867,1,-0.012339184083409171,-0.09210207738124053,-1
2015-08-21,0.3625377643504533,0.3804878048780487,1,-0.02314657885816673,-0.03122986169632669,-1
2015-08-24,0.2430155210643015,0.1105957902247591,1,-0.07058940167550676,0.02448130566963573,1
2015-08-25,0.11059579022475917,-0.12913588178605845,-1,0.04234892527601475,0.008135905439287742,0
2015-08-26,0.0,-0.14262769033087047,-1,-0.017141687560763397,0.033423573511037,1
2015-08-27,-0.1291358817860585,-0.0029509406123201143,0,0.025718450645564328,0.005532433255507072,0
2015-08-28,-0.015492438214680824,0.19557886849007114,1,0.0075119277230737405,-0.02710327455919393,-1
2015-08-31,0.012738853503184707,0.07806141324454308,1,-0.001964735516372773,-0.017616475695320825,-1
2015-09-01,0.1805401405845357,-0.20996552804763394,-1,-0.0251880268537682,0.016259320629660245,1
2015-09-02,-0.08680664368536506,-0.05868222374742625,-1,0.007767191383595717,-0.009094645976775308,0
2015-09-03,-0.13486616334934798,-0.006346687822292746,0,0.008426677628198487,-0.001630490166106151,0
2015-09-04,0.08806029353431177,-0.18374043018592776,-1,-0.017374910832569042,0.03354939071817474,1
2015-09-08,-0.0867663142544659,0.07265469061876248,1,0.01602281565983921,-0.007042972338470938,0
2015-09-09,-0.10618762475049903,0.13354175971415802,1,0.017250178626110113,-0.019767208508930358,-1
2015-09-10,0.20008932559178216,-0.10569408262002232,-1,-0.02388119606662653,0.012284128289473614,1
2015-09-11,-0.05545217714923712,-0.0827423167848699,-1,0.00421463815789469,0.006295424301361543,0
2015-09-14,-0.05319148936170204,-0.060757386600083264,-1,0.008035622888729721,0.00949479563340952,0
2015-09-15,-0.031210986267166008,-0.0747422680412372,-1,-0.0017263264788015542,0.017343980468948663,1
2015-09-16,-0.03049828178694158,0.022153300841825437,1,0.01124052693148858,-0.015642289508097703,-1
2015-09-17,-0.04563579973416043,0.019962859795728864,1,0.006035610099587752,-0.017898210178982164,-1
2015-09-18,0.07103064066852371,-0.00433463372345043,0,-0.021547845215478482,-0.009350569720504891,0
2015-09-21,-0.047680970957954094,0.005461993627674146,0,0.003730008686321451,-0.01186112807982073,-1
2015-09-22,0.04551661356395087,0.024379625598606982,1,-0.013031969049073557,-0.008923045182587115,0
2015-09-23,-0.0383108402263822,-0.04391127206880936,-1,0.001186300804621565,0.002730410591932269,0
2015-09-24,0.06518786781349029,0.06332341691457706,1,-0.01009736747205192,-0.0019255789747593265,0
2015-09-25,-0.10242243943901408,0.2580492424242424,1,0.012958626073380051,-0.032727085902178266,-1
2015-09-28,0.18465909090909088,-0.015187849720223781,-1,-0.014693793670365718,-0.007352174366461552,0
2015-09-29,0.06195043964828152,-0.1290929619872036,-1,-0.01830222129523407,0.02023689382270145,1
2015-09-30,-0.07263831388784348,-0.02637987012987021,-1,0.011154193445583438,-0.0031517571045857765,0
2015-10-01,-0.06087662337662336,-0.12229904926534148,-1,0.008982507748069635,0.02280299875052059,1
2015-10-02,0.0367329299913568,-0.18549395581492287,-1,-0.012026239067055355,0.045001844337882665,1
2015-10-05,-0.153397248853689,-0.06646971935007376,-1,0.035253201243610637,0.012419831008856751,1
2015-10-06,-0.037912358444116216,-0.04708290685772765,-1,0.009416675150157872,0.003227270435177179,0
2015-10-07,-0.02968270214943692,-0.09546413502109716,-1,0.002975139932429149,0.012468577174459476,1
2015-10-08,-0.01793248945147674,-0.05048335123523099,-1,0.0002513826043237799,0.012415179693390292,1
2015-10-09,-0.07894736842105278,-0.0040816326530612405,0,0.012214124151797012,-0.003624987585658903,0
2015-10-12,0.030903790087463582,-0.0005656108597283942,0,0.00019862945674842256,-0.006156290338595873,0
2015-10-13,-0.033936651583710516,0.03161592505854817,1,-0.0038228577102570327,-0.002840767505606744,0
2015-10-14,0.03454332552693229,-0.11488398415393328,-1,-0.0023423872414651825,0.013238085722849464,1
2015-10-15,-0.0028296547821166085,-0.11010215664018168,-1,-0.0004995504046357847,0.012095161935225848,1
2015-10-16,-0.11237230419977297,-0.030051150895140707,-1,0.013744502199120271,9.860474288804324e-05,0
2015-10-19,0.002557544757033181,-0.044642857142857095,-1,-0.0016269782576542324,0.005481481481481549,0
2015-10-20,-0.032525510204081565,-0.009887936717205031,0,0.0017283950617283939,0.0006408676361843503,0
2015-10-21,-0.012524719841792929,-0.10146862483311077,-1,0.0037466107961547923,0.017877314473748764,1
2015-10-22,0.002670226969292422,-0.017310252996005308,-1,-0.0030941505819951365,0.02128288501330191,1
2015-10-23,-0.10386151797603184,0.17013372956909353,1,0.02103655532564796,-0.0050663449939686925,0
2015-10-26,0.0965824665676076,0.025745257452574583,1,0.00024125452352241616,-0.0014471780028944108,0
2015-10-27,0.06707317073170738,-0.06031746031746028,-1,-0.005306319343946098,0.010426770126091202,1
2015-10-28,-0.038730158730158726,-0.035667107001321065,-1,0.003879728419010631,0.00995169082125605,0
2015-10-29,-0.02245706737120212,0.041216216216216184,1,0.006521739130434856,-0.00014398848092153174,0
2015-10-30,-0.0135135135135136,-0.018493150684931483,-1,0.003407727381809389,0.004352817373002949,0
2015-11-02,0.055479452054794536,-0.08890330953926029,-1,-0.003539653687936517,0.014544930875576043,1
2015-11-03,-0.07008436080467229,0.07397069085833917,1,0.007920506912442393,0.0021907891603562797,0
2015-11-04,-0.02023726448011176,0.06196581196581204,1,0.006572367481068707,-0.007617695765318124,0
2015-11-05,0.09615384615384626,-0.0032488628979857512,0,-0.004352969008753149,-0.005322435014018935,0
2015-11-06,-0.03118908382066277,0.11938296445338704,1,-0.0032790001425652138,-0.010632211309240098,-1
2015-11-09,0.028839704896042925,-0.01760104302477181,-1,-0.0020501573376562328,-0.0020543691175768327,0
2015-11-10,0.08800521512385928,0.02216896345116821,1,-0.00859968467822847,-0.004867235313960729,0
2015-11-11,-0.09706411024565607,0.2395487723954877,1,0.006602091465471639,-0.021687093067790125,-1
2015-11-12,0.1320504313205042,0.20222743259085604,1,-0.011394101876675557,-0.02024213075060536,-1
2015-11-13,0.09495896834701067,-0.04603854389721625,-1,-0.010411622276029098,0.008025446537802863,0
2015-11-16,0.09796573875803016,-0.07313505607020965,-1,-0.009933936873012028,0.018386714116251483,1
2015-11-17,-0.1311555338859094,-0.08810325476992145,-1,0.018139580862000848,0.012621971940385428,1
2015-11-18,0.06677890011223342,-0.1514992109416098,-1,0.00024273022962262306,0.016550184430207712,1
2015-11-19,-0.14518674381904273,-0.006153846153846242,0,0.012376237623762387,0.0037873340045064103,0
2015-11-20,-0.007384615384615435,0.024798512089274773,1,0.0041229205618678036,-0.007543566483647573,0
2015-11-23,0.0012399256044637321,-0.03715170278637758,-1,-0.00033420864168054454,0.0005731206418951408,0
2015-11-24,0.023529411764706017,-0.07380520266182701,-1,-0.007211768077180158,0.007504690431519709,0
2015-11-25,-0.059286146400484026,0.0,0,0.007841439361139235,0.0011933174224343676,0
2015-11-27,-0.015434083601286175,0.019595035924232455,1,-0.0003341288782815477,4.774865110056298e-05,0
2015-11-30,0.015676028739386002,-0.03279742765273322,-1,0.0015279568352193351,0.004147794994040546,0
2015-12-01,0.003858520900321461,0.016655989750160142,1,-0.0014779499404052876,-0.002912528647822695,0
2015-12-02,-0.03651505445227421,0.15890957446808515,1,0.00563407181054254,-0.023786914822903762,-1
2015-12-03,0.05518617021276606,-0.013862633900441013,-1,-0.008498718070458655,0.001915433606282513,0
2015-12-04,0.09829867674858228,0.014916810097533081,1,-0.015419240530575085,0.0042799474733718965,0
2015-12-07,-0.102122776821572,0.15335463258785945,1,0.017606147560916163,-0.014529465181857246,-1
2015-12-08,0.1303514376996806,0.08818541548897675,1,-0.013095636381015964,-0.0051818489999516755,0
2015-12-09,0.020350480497456136,0.18337950138504147,1,-0.0014528548597995128,-0.013773703865366912,-1
2015-12-10,0.06648199445983383,0.2831168831168831,1,-0.003734419709976233,-0.01630805179631971,-1
2015-12-11,0.10961038961038948,-0.02808988764044934,-1,-0.010076915587576618,0.006638800098352566,0
2015-12-14,0.15636704119850187,-0.2206477732793522,-1,-0.006294566019178771,0.021279754540505826,1
2015-12-15,-0.15951417004048574,-0.22061657032755305,-1,0.013015291730588352,0.018075232046897986,1
2015-12-16,-0.07273603082851643,0.004675324675324668,0,0.0081582804103566,-0.017444395987788894,-1
2015-12-17,-0.15948051948051944,0.21384425216316447,1,0.009836701070892184,-0.03354126679462576,-1
2015-12-18,0.1953028430160693,-0.0894519131334023,-1,-0.02701535508637232,-0.0002465848005129524,0
2015-12-21,0.015511892450879028,-0.19246435845213852,-1,-0.006707106573950794,0.016285189414626887,1
2015-12-22,-0.10336048879837068,-0.12322544009085748,-1,0.006504145772305181,0.01479873717442778,1
2015-12-23,-0.0993753549119818,0.11286254728877675,1,0.009717837411207464,0.0008305242073380034,0
2015-12-24,-0.02648171500630514,0.030440414507772063,1,0.005031999609165005,0.003840171106358118,0
2015-12-28,0.14313471502590658,-0.06515580736543902,-1,-0.004180439432237892,0.010983110416870057,1
2015-12-29,-0.09858356940509903,0.12947831552482708,1,0.008054280972371375,-0.006682485109679897,0
2015-12-30,0.037083595223130095,0.3624242424242424,1,0.002905428308556557,-0.0319636907923326,-1
2015-12-31,0.08909090909090911,0.15470228158041188,1,-0.009560137125199208,-0.018183590893579637,-1
2016-01-04,0.2509738452977186,-0.03603202846975083,-1,-0.022619802076731758,-0.01072372686917056,-1
2016-01-05,-0.07695729537366547,0.1190361445783132,1,0.0045388797446257465,-0.030139026812313768,-1
2016-01-06,0.044337349397590486,0.05952930318412548,1,-0.015193644488579959,-0.015881819098517724,-1
2016-01-07,0.07152745731425925,0.10163652024117137,1,-0.015175960471916827,-0.011877335790713263,-1
2016-01-08,-0.011197243755383224,0.00043554006968632447,0,-0.0007167357804741536,-0.007018802192735307,0
2016-01-11,0.1141114982578395,-0.15089913995308835,-1,-0.01116860494902405,0.007460753328843055,0
2016-01-12,-0.10203283815480846,0.07749238136700047,1,0.0041966737474743426,-0.022030750180579827,-1
2016-01-13,-0.05441880713974745,0.3333333333333334,1,0.003250438551233081,-0.03949601439958848,-1
2016-01-14,0.1395027624309393,0.02626262626262621,1,-0.025199280020570702,0.0021630176734370697,0
2016-01-15,0.17010101010101009,-0.040745856353591146,-1,-0.014666314956475857,-0.009316271349788558,0
2016-01-19,-0.1229281767955802,0.0940944881889764,1,0.017079830807945614,-0.019740998104864186,-1
2016-01-20,0.09370078740157496,-0.1285097192224622,-1,-0.02595283217519484,0.025671512727665786,1
2016-01-21,0.0003599712023036884,-0.16156890967974086,-1,0.006377344214451686,0.019923742011707102,1
2016-01-22,-0.1288233177401943,-0.01900041305245769,-1,0.019171902690510608,-0.007166192433343944,0
2016-01-25,-0.037587773647253186,-0.018025751072961442,-1,0.0007376962799030551,-0.001790227464195319,0
2016-01-26,0.0193133047210301,-0.06736842105263162,-1,-0.007898062342038714,0.0081732300180449,0
2016-01-27,-0.03663157894736846,-0.05638111888111885,-1,0.0061564589746312395,0.002320919928262463,0
2016-01-28,-0.031905594405594366,-0.03747178329571098,-1,0.002004430847135641,0.01352916403453355,1
2016-01-29,-0.025282167042889325,-0.01157943492357573,-1,0.0003158559696778696,0.010209451636669812,1
2016-02-01,-0.012505789717461746,0.007973733583489594,0,0.013209135880433598,-0.005817275229834335,0
2016-02-02,0.0009380863039398779,0.04451733833177129,1,-0.002960577572326373,-0.006511773286101271,0
2016-02-03,0.007029053420805953,0.02791996277338304,1,-0.002865180245884669,-0.002194242725040424,0
2016-02-04,0.03722661703117725,0.1615074024226111,1,-0.0036570712084007533,-0.025903203817314237,-1
2016-02-05,-0.008972633467922764,0.2811226799456768,1,0.0014681977872161855,-0.03994973558825067,-1
2016-02-08,0.17202354006337714,-0.005407493240633471,0,-0.02733127388868528,0.0034451203100607547,0
2016-02-09,0.09308613364233298,0.025088339222614872,1,-0.012973031167572755,-0.005562827225130945,0
2016-02-10,-0.09010600706713777,0.05475728155339806,1,0.016633944153577662,-0.0077785526527546205,0
2016-02-11,0.12660194174757278,-0.13960703205791108,-1,-0.021833592618421768,0.035263792914335894,1
2016-02-12,-0.0637711134091693,-0.138438880706922,-1,0.014368761654052875,0.03352076124567468,1
2016-02-16,-0.08100147275405001,-0.1121794871794872,-1,0.02059904844290661,0.023467712030513208,1
2016-02-17,-0.06250000000000011,-0.04316239316239308,-1,0.012660910102240795,5.2312199204807e-05,0
2016-02-18,-0.052991452991452914,-0.09115523465703967,-1,0.010671688637790222,0.0034679089026915942,0
2016-02-19,0.010379061371841079,-0.11790978115230015,-1,-0.010507246376811552,0.014803577967254344,1
2016-02-22,-0.10049129075480123,0.10625620655412116,1,0.014123554951090744,-0.01671222984474137,-1
2016-02-23,-0.019364448857994043,0.03999999999999996,1,0.0006705524320420597,-0.0013917525773196405,0
2016-02-24,0.12810126582278492,-0.1521543985637343,-1,-0.017371134020618628,0.031159838430467383,1
2016-02-25,-0.07809694793536814,-0.0024342745861733552,0,0.016261868541153083,0.007123315955195498,0
2016-02-26,-0.08033106134371948,0.05029115934356799,1,0.014659577762865972,-0.007936104186803695,0
2016-02-29,0.08470089994706176,-0.12249877989263044,-1,-0.0074273795594443906,0.013479575624006946,1
2016-03-01,-0.03172279160566127,-0.13054435483870966,-1,-0.0005125313925479212,0.019383621352751148,1
2016-03-02,-0.09375,-0.08342602892102335,-1,0.013999282088098086,0.011479720845554677,1
2016-03-03,-0.04060066740823143,0.04231884057971017,1,0.005310003034287414,0.00276673876955587,0
2016-03-04,-0.04463768115942024,0.11529126213592225,1,0.006137129634287364,-0.0034498275086245573,0
2016-03-07,0.09101941747572816,0.032258064516128934,1,-0.0033498325083745053,0.00010033109260564979,0
2016-03-08,0.02224694104560609,-0.011425462459194631,-1,-0.00010033109260565444,0.003210917118201961,0
2016-03-09,0.009793253536452662,-0.07920258620689649,-1,0.00020068231988767948,0.009530497592295229,0
2016-03-10,-0.02101293103448265,-0.06384149697303247,-1,0.003009630818619602,0.01100220044008796,1
2016-03-11,-0.059438635112823435,0.02984201287302525,1,0.006501300260052022,0.00049686972075933,0
2016-03-14,-0.004681100058513632,-0.061728395061728426,-1,0.004471827486832947,-0.002770083102493086,0
2016-03-15,0.03468547912992359,-0.128409090909091,-1,-0.00395726157498999,0.009336511720301923,0
2016-03-16,-0.09318181818181824,-0.11967418546365916,-1,0.0011918951132299238,0.01274801587301584,1
2016-03-17,-0.038847117794486234,-0.050195567144719656,-1,0.008134920634920606,0.004083841763432317,0
2016-03-18,-0.0840938722294654,0.0370106761565836,1,0.004575870891556644,-0.0020081304795023587,0
2016-03-21,0.0370106761565836,0.0,0,-0.000489787921829854,0.00019601117263694055,0
2016-03-22,0.0,0.11873713109128348,1,-0.0015190865879355366,-0.00863761287789552,0
2016-03-23,0.0,0.07412491420727522,1,0.0017177071063998461,-0.002449659497329871,0
2016-03-24,0.11873713109128348,-0.034355828220858926,-1,-0.010337563078732126,0.003762376237623717,0
2016-03-28,-0.039877300613496924,-0.1252396166134186,-1,0.007970297029703087,0.013211531850105582,1
2016-03-29,0.005750798722044648,-0.12770012706480302,-1,-0.004174647610628246,0.01553560860130206,1
2016-03-30,-0.13024142312579426,0.11249086924762608,1,0.017459064904320476,-0.009452253999030621,0
2016-03-31,0.0029218407596787177,0.01092498179169704,1,-0.0018904507998062086,0.0044679714438347635,0
2016-04-01,0.10924981791697007,0.010505581089954048,1,-0.00757612549171971,0.0015659407878639256,0
2016-04-04,-0.08864084044648712,0.12463976945244945,1,0.012136041105945685,-0.012280616931779821,-1
2016-04-05,0.10878962536023053,-0.016244314489928524,-1,-0.01044335928056872,0.002296379537792539,0
2016-04-06,0.01429499675113699,-0.017296604740550902,-1,-0.0018566472858747574,0.005139752312888597,0
2016-04-07,-0.030108904548366344,0.013210039630118842,1,0.004160751872338332,0.0005362191673979412,0
2016-04-08,0.013210039630118908,0.04172099087353329,1,0.000974943940723394,-0.005454368364663507,0
2016-04-11,0.0,-0.05541069100391132,-1,-0.0004382974578747145,0.008526187576126675,0
2016-04-12,0.0417209908735332,-0.13016270337922406,-1,-0.005018270401948799,0.01885221819606304,1
2016-04-13,-0.0932415519399249,-0.04968944099378887,-1,0.013612770541572727,0.004879227053140053,0
2016-04-14,-0.04071773636991026,0.06978417266187043,1,0.005169082125603852,-0.00446964963714138,0
2016-04-15,-0.009352517985611541,-0.042846768336964415,-1,-0.0002883644927188511,0.008316907840969272,0
2016-04-18,0.07988380537400143,-0.09952925353059844,-1,-0.004182491226383367,0.013565704354542834,1
2016-04-19,-0.1136516476126429,0.001517450682852775,0,0.012551897267548684,0.0018117669495565719,0
2016-04-20,0.01593323216995457,0.023151605675877426,1,0.0010012396300180804,-0.0066682543462728144,0
2016-04-21,-0.014189693801344385,0.06590909090909099,1,0.0008097165991902687,-0.008852084523129704,0
2016-04-22,0.03787878787878785,0.02262773722627741,1,-0.00747192080715775,0.002349556461280176,0
2016-04-25,0.027007299270073167,0.005685856432125094,0,-0.0013905538240230886,0.0010083549409392488,0
2016-04-26,-0.004264392324093813,0.03711634546752317,1,0.0037453183520599342,-0.002774588595484042,0
2016-04-27,0.009992862241256395,0.07491166077738519,1,-0.002726750861079208,-0.008394493212452631,0
2016-04-28,0.026855123674911496,0.12388162422573977,1,-4.796853264255052e-05,-0.007387508394896001,0
2016-04-29,0.04679972470750182,-0.01906640368178836,-1,-0.008346925069557698,-0.0009674922600618644,0
2016-05-02,0.07363576594345811,-0.05266380894059999,-1,0.000967492260061764,-0.0093272762420258,0
2016-05-03,-0.08634415186772804,0.04155495978552273,1,-0.0019331142470518925,-0.004648460197559596,0
2016-05-04,0.03686327077747986,0.04718810601163533,1,-0.007408483439860558,-0.0045368066734963,0
2016-05-05,0.004524886877828038,-0.021879021879021868,-1,0.0027806234450460376,4.864759680867341e-05,0
2016-05-06,0.042471042471042386,-0.137037037037037,-1,-0.007297139521307615,0.01303538175046553,1
2016-05-09,-0.06172839506172845,-0.08421052631578943,-1,0.007399784377143837,0.011382983898428777,1
2016-05-10,-0.08026315789473681,0.04077253218884122,1,0.00559420148854417,0.002757352941176438,0
2016-05-11,-0.0042918454935623185,0.08836206896551728,1,0.005756578947368364,-0.00817661488143903,0
2016-05-12,0.04525862068965525,0.08041237113402061,1,-0.002982059544995419,-0.011240291379227094,-1
2016-05-13,0.04123711340206193,-0.03828382838283829,-1,-0.0052100921414443,0.0012123563357742107,0
2016-05-16,0.037623762376237664,0.0,0,-0.0060617816788710605,-0.0025370804059329146,0
2016-05-17,-0.07315521628498732,0.12354152367879208,1,0.007318501170960223,-0.011624527753560038,-1
2016-05-18,0.07892930679478383,0.02608142493638666,1,-0.00978397752591309,0.002347877127763597,0
2016-05-19,0.04134860050890588,-0.002443494196701448,0,-0.0018587360594795046,0.007105753209840187,0
2016-05-20,-0.014660965180207762,-0.0061996280223185285,0,0.004214446731353405,0.006099941440562171,0
2016-05-23,0.01239925604463732,-0.1310471524800979,-1,0.0028791723599452808,0.01537638071140089,1
2016-05-24,-0.018371096142069658,-0.1391141609482221,-1,0.003211522553647095,0.015860697482659992,1
2016-05-25,-0.11478477854023715,-0.04933051444679347,-1,0.012125915506620677,0.004121339914697914,0
2016-05-26,-0.0274841437632134,0.010144927536231795,1,0.0036900369003689533,0.005347593582887722,0
2016-05-27,-0.022463768115942084,0.07116382505559668,1,0.0004297173414820055,-0.0019567603684436433,0
2016-05-31,0.03335804299481082,0.03443328550932572,1,0.004915763852431532,-0.0036094224924011725,0
2016-06-01,0.03658536585365857,-0.04636678200692041,-1,-0.006838905775075954,0.005403596021423085,0
2016-06-02,-0.0020761245674739692,-0.04022191400832178,-1,0.003251721499617499,0.0042897998093421215,0
2016-06-03,-0.04438280166435515,-0.07329462989840348,-1,0.0021448999046711488,0.006064209274673035,0
2016-06-06,0.004354136429608246,0.0,0,0.0021403091557667953,0.005410536307546346,0
2016-06-07,-0.07731213872832376,0.09710258418167582,1,0.003915519696250589,-7.091360359302578e-05,0
2016-06-08,0.08379013312451056,0.07586705202312144,1,0.001489185675451976,-0.006514350453172184,0
2016-06-09,0.012283236994219626,0.3019271948608136,1,-0.0015577794561933975,-0.010165004018722413,-1
2016-06-10,0.06281227694503921,0.4291470785762257,1,-0.0049643042882132615,-0.011688681934809502,-1
2016-06-13,0.22498321020819328,0.11019736842105272,1,-0.005226646393613921,-0.003916698509744084,0
2016-06-14,0.16666666666666674,-0.022556390977443632,-1,-0.006495987772258349,-0.00610576923076928,0
2016-06-15,-0.048402255639097835,-0.04098765432098757,-1,0.002596153846153859,-0.0065694830727918135,0
2016-06-16,0.02716049382716057,-0.16249999999999995,-1,-0.008679390045075341,0.010109805059739772,1
2016-06-17,-0.06634615384615382,-0.09011328527291453,-1,0.0021283800125768693,0.00545445769175085,0
2016-06-20,-0.10298661174047374,0.048220436280137766,1,0.007964473620698076,-0.0008140982664495139,0
2016-06-21,0.014351320321469576,0.10582908885115999,1,-0.002490182932669227,0.007249159865578448,0
2016-06-22,0.03338992642897565,0.4271631982475354,1,0.0016802688430148653,-0.02405942966690635,-1
2016-06-23,0.07009857612267245,0.24769703172978505,1,0.0055595494847831,-0.03917830417997235,-1
2016-06-24,0.3336745138178097,-0.16500383729854173,-1,-0.029455221390782164,-0.010558365663212716,-1
2016-06-27,-0.06446661550268606,-0.2567678424938473,-1,-0.010018170210676192,0.016121831440051592,1
2016-06-28,-0.10746513535684976,-0.22288602941176475,-1,-0.0005456619872018509,0.028439547349612963,1
2016-06-29,-0.16727941176470584,-0.1396247240618102,-1,0.016676593210244173,0.022066002733841097,1
2016-06-30,-0.06677704194260492,-0.05085748078060316,-1,0.01157000585823087,0.008397278123642589,0
2016-07-01,-0.07806031933766999,0.01796023091725461,1,0.0103759471067999,-0.007307986243790605,0
2016-07-05,0.02950609364977552,-0.0778816199376947,-1,-0.0019583492548721493,0.0044029672170376455,0
2016-07-06,-0.011214953271028172,-0.07750472589792053,-1,-0.005360134003350003,0.015493432132030981,1
2016-07-07,-0.06742281033396336,-0.10472972972972976,-1,0.009815714766876704,0.015819316719874174,1
2016-07-08,-0.010810810810810813,-0.11680327868852465,-1,0.005622528231762569,0.01648898365316271,1
2016-07-11,-0.09494535519125692,0.00528301886792455,0,0.010139777303956432,0.01055396594586988,1
2016-07-12,-0.02415094339622648,-0.033255993812838336,-1,0.006285473052207058,0.008716729594928469,0
2016-07-13,0.03016241299303957,-0.015015015015015096,-1,0.004241830979350159,0.006219829186780558,0
2016-07-14,-0.06156156156156156,0.02,1,0.004455997029335411,-0.0019870609981516027,0
2016-07-15,0.04959999999999986,-0.044969512195121936,-1,0.0017560073937152865,-0.003967155641664423,0
2016-07-18,-0.02820121951219512,-0.06352941176470593,-1,-0.003736507057846672,0.0036116127239894475,0
2016-07-19,-0.01725490196078439,-0.058260175578611226,-1,-0.00023151363615325763,0.004816598740274271,0
2016-07-20,-0.04708699122106941,0.07202680067001685,1,0.00384401630233433,-0.001568627450980408,0
2016-07-21,-0.011725293132328174,0.07118644067796609,1,0.0009688581314879484,0.00018436578171087775,0
2016-07-22,0.0847457627118644,0.006250000000000006,0,-0.002535029498525132,0.0005545030266623749,0
2016-07-25,-0.012499999999999956,-0.0023734177215190768,0,0.0027263065477565185,0.0008755760368663488,0
2016-07-26,0.018987341772152,-0.028726708074534237,-1,-0.002165898617511486,-0.00110839144691271,0
2016-07-27,-0.020962732919254767,0.01903251387787472,1,0.0030480764790097314,-0.003361112390073161,0
2016-07-28,-0.007930214115781098,-0.04956035171862504,-1,-0.0041438371932409615,0.0041610800314392975,0
2016-07-29,0.02717825739408464,-0.035797665369649734,-1,0.0007859817837163607,0.0008777603252332889,0
2016-08-01,-0.07470817120622564,0.1379310344827585,1,0.0033724475653700288,-0.007873290667157825,0
2016-08-02,0.042052144659377566,0.0274414850686037,1,-0.002486302315944489,-0.00156935148857606,0
2016-08-03,0.09200968523002406,-0.10716925351071688,-1,-0.005400415416570548,0.008028587339892418,0
2016-08-04,-0.05912786400591275,-0.08405341712490183,-1,0.003851865602376048,0.009662059081873255,0
2016-08-05,-0.05106048703849175,-0.0562913907284768,-1,0.004160695298414341,0.00423553243404994,0
2016-08-08,-0.03476821192052981,-0.009433962264150894,0,0.005478569126651678,-0.0004120879120879277,0
2016-08-09,-0.02229845626072036,0.04649122807017538,1,-0.001236263736263732,0.0005959748773666871,0
2016-08-10,0.013157894736842035,0.005194805194805085,0,0.0008251959840461787,-9.16128441207926e-05,0
2016-08-11,0.03290043290043276,-0.010058675607711584,-1,-0.00022903211030189663,0.002886465683130191,0
2016-08-12,-0.026823134953897758,0.03703703703703701,1,0.00013745074681570382,0.0014201291859453125,0
2016-08-15,0.017226528854435985,0.06435224386113461,1,0.002748637134087684,-0.0040659692082780675,0
2016-08-16,0.019475021168501083,0.013289036544850509,1,-0.0013248663712366324,-0.0011893870082341762,0
2016-08-17,0.04401993355481748,-0.07159904534606208,-1,-0.0027447392497712553,0.0014220183486238634,0
2016-08-18,-0.02943516308671445,0.02704918032786886,1,0.001559633027522933,-0.00036640102592292985,0
2016-08-19,-0.043442622950819576,0.04113110539845762,1,-0.00013740038472109808,0.004305803673675039,0
2016-08-22,0.07369323050556975,0.013567438148443729,1,-0.00022903211030189663,0.0024741134426831323,0
2016-08-23,-0.030327214684756517,0.12098765432098756,1,0.00453587464491889,-0.00843785632839222,0
2016-08-24,0.04526748971193406,0.06614173228346458,1,-0.00205245153933864,-0.004021937842778902,0
2016-08-25,0.07244094488188968,0.03450807635829667,1,-0.006398537477148136,0.00018399264029435162,0
2016-08-26,-0.005873715124816492,-0.04431314623338255,-1,0.0023919043238269646,0.0015602055800293846,0
2016-08-29,0.04062038404726742,-0.06742370475514545,-1,-0.0022026431718060735,0.000781824871228918,0
2016-08-30,-0.08161816891412355,0.010046367851622936,1,0.003771155261221404,-0.004077705488866427,0
2016-08-31,0.015455950540958384,0.025114155251141558,1,-0.002978099514340582,0.0035843940995357406,0
2016-09-01,-0.0053272450532724225,-0.04973221117061977,-1,-0.001102890492164943,0.006118599622762957,0
2016-09-02,0.030604437643458438,-0.11729769858945804,-1,0.004692459861066256,0.002060533907230263,0
2016-09-06,-0.07795100222717155,-0.05475040257648951,-1,0.0014194789138697315,-0.00036579789666202144,0
2016-09-07,-0.04267310789049916,0.052985702270815734,1,0.0006401463191587631,-0.00854505574849207,0
2016-09-08,-0.012615643397813292,0.7146507666098806,1,-0.0010053006762932304,-0.02849693532156261,-1
2016-09-09,0.06643952299829636,0.27635782747603843,1,-0.007547342420638592,-0.009817025395215909,0
2016-09-12,0.6078274760383386,-0.12419274714356683,-1,-0.02110890906576956,0.004237487640661075,0
2016-09-13,-0.20615996025832084,0.12453066332916135,1,0.011535383021799685,-0.00875069819400482,0
2016-09-14,0.1032540675844804,-0.06920022688598973,-1,-0.007214671383355077,0.0008908059449575588,0
2016-09-15,0.01928530913216097,-0.15748469671675006,-1,-0.0015471892728209367,0.005493989481592729,0
2016-09-16,-0.08681135225375625,-0.0871419865935405,-1,0.002441773102930034,0.004356379988757761,0
2016-09-19,-0.07739183424741014,-0.004623513870541629,0,0.0030447817125727195,0.0005137066268155496,0
2016-09-20,-0.010568031704095149,-0.10614152202937248,-1,0.0013076168682575329,0.012079660463597795,1
2016-09-21,0.006008010680907949,-0.20371599203715995,-1,-0.0007928734667225212,0.011575802837938713,1
2016-09-22,-0.11147976111479764,-0.009708737864077728,0,0.012882748319641424,-0.009124423963133592,0
2016-09-23,-0.10380881254667662,0.11333333333333327,1,-0.001290322580645209,-0.012320044296788426,-1
2016-09-26,0.10499999999999997,-0.027149321266968285,-1,-0.007844222960502023,0.003767091433355047,0
2016-09-27,0.007541478129713397,-0.06212574850299402,-1,-0.004511208259696753,0.01097874328427935,1
2016-09-28,-0.034431137724550864,0.15581395348837207,1,0.008315814062135106,-0.0008339897141268907,0
2016-09-29,-0.028682170542635776,0.09736632083000804,1,0.0026409674280682967,-0.0026802218114603165,0
2016-09-30,0.1899441340782124,-0.10127431254191817,-1,-0.0034658040665433987,0.00120565731509386,0
2016-10-03,-0.07780013413816234,-0.013818181818181782,-1,0.0007883143983304919,-0.0018997312575294066,0
2016-10-04,-0.0254545454545454,-0.021641791044776187,-1,0.0004170141784820558,-0.0025010421008753283,0
2016-10-05,0.011940298507462588,-0.0029498525073746997,0,-0.0023157797230327626,0.003203193909289252,0
2016-10-06,-0.033185840707964716,0.08237986270022885,1,-0.00018569240053845082,0.003644890188977093,0
2016-10-07,0.031273836765827616,0.014053254437869915,1,0.0033895157171379697,-0.0020360944007403875,0
2016-10-10,0.04955621301775137,0.09443269908386187,1,0.00025451180009250507,-0.011866484698480246,-1
2016-10-11,-0.033826638477801214,0.2312180889861413,1,-0.002290023362864657,-0.01622924974496893,-1
2016-10-12,0.1327498176513493,0.06181584030907915,1,-0.00959844199202442,0.002621845592022109,0
2016-10-13,0.08692852543464258,0.0077014218009480205,0,-0.006695069993913561,0.00438348416289596,0
2016-10-14,-0.023104265402843605,-0.04063068526379613,-1,0.009379713423831149,0.00042026616857344576,0
2016-10-17,0.03153426318981212,-0.09171075837742516,-1,-0.004949801540975907,0.004364353090243591,0
2016-10-18,-0.06995884773662553,-0.08786346396965869,-1,0.005396780702989322,-0.0017270351008215298,0
2016-10-19,-0.023388116308470368,-0.09126213592233012,-1,-0.001026885735623595,-0.004952808148771153,0
2016-10-20,-0.06601941747572815,-0.08593208593208597,-1,-0.0007008690776563188,0.005283583485294784,0
2016-10-21,-0.027027027027027084,-0.08048433048433043,-1,-0.0042549212138214285,0.008076634109691956,0
2016-10-24,-0.06054131054131051,0.03563305534495835,1,0.009579263711495091,-0.008325581395348801,0
2016-10-25,-0.021228203184230462,0.1130906274206041,1,-0.0014883720930232158,-0.0004658095770448776,0
2016-10-26,0.05809450038729658,0.14714494875549047,1,-0.006847400782560076,-0.00032831480699789685,0
2016-10-27,0.05197657393850652,0.13500347947112035,1,0.006425589794099684,-0.007689439835958644,0
2016-10-28,0.09046624913013224,0.05552010210593486,1,-0.006710783856836764,-0.0009852678990334032,0
2016-10-31,0.040842373962986615,0.17044757817290015,1,-0.0009852678990334152,-0.010707744329122252,-1
2016-11-01,0.014101778050275904,0.2001209189842807,1,0.0,-0.013807354529657622,-1
2016-11-02,0.1541717049576785,0.14510214772132005,1,-0.010707744329122248,-0.008260147163541462,0
2016-11-03,0.03981141959140922,-0.0035264483627204172,0,-0.003133159268929541,0.006952712033906279,0
2016-11-04,0.10125944584382852,-0.1344922232387922,-1,-0.005143102052478698,0.018093916040400174,1
2016-11-07,-0.0951509606587373,0.04651162790697665,1,0.012158345699104787,0.004350910380704735,0
2016-11-08,-0.04347826086956519,-0.2595137420718817,-1,0.0058642705131237705,0.02167473788142373,1
2016-11-09,0.09408033826638462,-0.2835748792270531,-1,-0.0015045371197517365,0.01746951075952351,1
2016-11-10,-0.3231884057971014,0.04853675945753032,1,0.023214201629232045,-0.001242521859180903,0
2016-11-11,0.0585296216987865,-0.045178691840863115,-1,-0.0056143580303728005,0.004442798963346813,0
2016-11-14,-0.009440323668240104,-0.08032675289312456,-1,0.004396519807478683,0.002442058701562001,0
2016-11-15,-0.036078965282505086,-0.05579096045197746,-1,4.6076579274689784e-05,0.0046535200884630454,0
2016-11-16,-0.04590395480225995,0.003700962250185101,0,0.0023958717287135838,0.006940614083471184,0
2016-11-17,-0.010362694300518172,-0.0074794315632011705,0,0.002252252252252341,0.005136436597110645,0
2016-11-18,0.01421091997008239,-0.09587020648967556,-1,0.004677826186654244,0.00657324142968,0
2016-11-21,-0.02138643067846613,-0.07008289374529011,-1,0.00045647509928325997,0.003695761281197255,0
2016-11-22,-0.07611152976639035,0.021207177814029348,1,0.006113975452844754,0.00267561561833932,0
2016-11-23,0.006525285481239873,0.08589951377633716,1,-0.002403519114779429,0.0053641240112737845,0
2016-11-25,0.014586709886547757,0.04392971246006396,1,0.005091371942903988,-0.0026232473993667306,0
2016-11-28,0.07028753993610226,-0.05970149253731349,-1,0.00027137042062408406,0.0021251582564659017,0
2016-11-29,-0.02462686567164185,0.025248661055853102,1,-0.0028938325194428627,0.0009522945764555576,0
2016-11-30,-0.03596021423106355,0.12380952380952386,1,0.0050335570469797215,-0.008843568109010548,0
2016-12-01,0.06349206349206349,0.0261194029850746,1,-0.004060822090872218,-0.00036243374258136224,0
2016-12-02,0.056716417910447785,-0.13912429378531074,-1,-0.00480224708920407,0.007056038603359637,0
2016-12-05,-0.028954802259887006,-0.15709090909090911,-1,0.00446123731051129,0.003942895989123066,0
2016-12-06,-0.11345454545454547,-0.007383100902378988,0,0.00258327668252889,0.01514329626616036,1
2016-12-07,-0.04922067268252661,0.08628127696289906,1,0.001356116083536696,0.017560491152040385,1
2016-12-08,0.04400345125107852,0.010743801652892626,1,0.01376850848681821,0.008148906799661631,0
2016-12-09,0.04049586776859515,-0.01032565528196974,-1,0.0037404818096806736,0.0071425402599707795,0
2016-12-12,-0.02859412231930103,0.053147996729354066,1,0.004391996805820586,0.0044611307420494295,0
2016-12-13,0.018806214227309992,0.04895666131621183,1,0.0027385159010600013,-0.0037882124922914884,0
2016-12-14,0.033707865168539415,0.0,0,0.0017179103162716651,-0.006156281605910054,0
2016-12-15,0.01475155279503104,-0.0436113236419281,-1,-0.0054966800052768106,-0.004023700035373172,0
2016-12-16,-0.014537107880642662,-0.09549689440993793,-1,-0.0006632472585780258,0.000619441617627604,0
2016-12-19,-0.029503105590062195,-0.08480000000000004,-1,-0.0033626830671208427,0.00443951165371809,0
2016-12-20,-0.06799999999999995,-0.02832618025751073,-1,0.0039955604883463725,-0.002432014149900559,0
2016-12-21,-0.01802575107296145,-0.005244755244755133,0,0.0004421843908910539,-0.003624309392265163,0
2016-12-22,-0.010489510489510412,0.08303886925795048,1,-0.0028729281767956305,0.001861702127659645,0
2016-12-23,0.005300353356890497,0.04481546572934971,1,-0.0007535460992906806,0.005057002173623679,0
2016-12-27,0.07732864674868177,0.07259380097879288,1,0.0026172204231913465,-0.006813556322449431,0
2016-12-28,-0.030179445350734024,0.11017661900756927,1,0.0024334129723031506,-0.008121110473584338,0
2016-12-29,0.10597140454163156,0.06996197718631178,1,-0.00922452222271264,0.0024946543121881783,0
2016-12-30,0.0038022813688212147,-0.031818181818181815,-1,0.0011136849607982224,0.0039603079250657,0
