Date,Change,Lag 2 Change,Lag 2 Significant,stock
2015-01-02,-0.0126750576138982,-0.043540712810844734,-1,AAPL
2015-01-05,-0.027830146332704864,-0.010065564687413459,-1,AAPL
2015-01-06,-0.01616031027795739,0.025248732870283442,1,AAPL
2015-01-07,0.006194856391965375,0.05102611940298506,1,AAPL
2015-01-08,0.01893656716417902,0.030852329945985444,1,AAPL
2015-01-09,0.03149317952943331,-0.011005591550545795,-1,AAPL
2015-01-12,-0.0006212833939824858,-0.03161634103019528,-1,AAPL
2015-01-13,-0.0103907637655416,-0.012833168805528195,-1,AAPL
2015-01-14,-0.021448442968679867,-0.018433602347762337,-1,AAPL
2015-01-15,0.00880410858400582,-0.019636363636363605,-1,AAPL
2015-01-16,-0.027000000000000024,0.017938895636737378,1,AAPL
2015-01-20,0.007567971596748491,0.022440652818991116,1,AAPL
2015-01-21,0.010293026706231556,0.03074804956402014,1,AAPL
2015-01-22,0.012023864157870712,0.03156176310538717,1,AAPL
2015-01-23,0.018501723199709767,0.0010685663401603254,0,AAPL
2015-01-26,0.01282279608192338,0.034156848953754225,1,AAPL
2015-01-27,-0.011605415860734936,0.034691336061198993,1,AAPL
2015-01-28,0.04629959082013868,0.006588735387885277,0,AAPL
2015-01-29,-0.01109458023379395,0.014872764786795084,1,AAPL
2015-01-30,0.017881705639614998,0.0008445945945945465,0,AAPL
2015-02-02,-0.002956081081081141,0.003811944091486682,0,AAPL
2015-02-03,0.003811944091486774,0.012827004219409249,1,AAPL
2015-02-04,0.0,0.012827004219409249,1,AAPL
2015-02-05,0.012827004219409188,-0.012247958673554398,-1,AAPL
2015-02-06,0.0,0.0012497917013831502,0,AAPL
2015-02-09,-0.012247958673554438,0.03559679460143399,1,AAPL
2015-02-10,0.013665120202446257,0.04901389697927936,1,AAPL
2015-02-11,0.02163601564450368,0.03673535880101006,1,AAPL
2015-02-12,0.026798077706280177,0.011343804537521757,1,AAPL
2015-02-13,0.009677931143899698,0.0027105593966058987,0,AAPL
2015-02-17,0.0016499057196730509,0.007765314926660874,0,AAPL
2015-02-18,0.0010589065809083476,0.007796278158668008,0,AAPL
2015-02-19,0.00669931439764926,0.011986301369863173,1,AAPL
2015-02-20,0.0010896637608968085,0.03358731146011501,1,AAPL
2015-02-23,0.010884776862074341,0.011844331641285894,1,AAPL
2015-02-24,0.02245808337178889,-0.03125470136903867,-1,AAPL
2015-02-25,-0.01038062283737018,-0.011857707509881441,-1,AAPL
2015-02-26,-0.021093037397385217,0.0036106689443646655,0,AAPL
2015-02-27,0.009434328532049507,-0.007999999999999941,0,AAPL
2015-03-02,-0.00576923076923075,-0.001160541586073545,0,AAPL
2015-03-03,-0.0022437137330754147,-0.0029466501240694434,0,AAPL
2015-03-04,0.0010856079404466532,-0.005422153369480934,0,AAPL
2015-03-05,-0.0040278853601857225,-0.004821900762171556,0,AAPL
2015-03-06,-0.0013999066728884735,-0.015498442367601315,-1,AAPL
2015-03-09,-0.003426791277258645,-0.02508596436386366,-1,AAPL
2015-03-10,-0.01211316036261334,-0.032434142868443906,-1,AAPL
2015-03-11,-0.013131872478443165,-0.002805611222444844,0,AAPL
2015-03-12,-0.019559118236472942,0.012836235794293131,1,AAPL
2015-03-13,0.017087727904504968,0.012057877813504822,1,AAPL
2015-03-16,-0.004180064308681786,0.02518566354536652,1,AAPL
2015-03-17,0.01630610268001309,0.022637013502779937,1,AAPL
2015-03-18,0.008737092930897417,0.00984251968503937,0,AAPL
2015-03-19,0.013779527559055094,-0.012660194174757245,-1,AAPL
2015-03-20,-0.003883495145631022,-0.007953216374268974,0,AAPL
2015-03-23,-0.008810916179337158,-0.004562617998741332,0,AAPL
2015-03-24,0.0008653241032094973,-0.03513322329639235,-1,AAPL
2015-03-25,-0.005423249233671322,-0.015568199778726198,-1,AAPL
2015-03-26,-0.02987197724039825,0.010508308895405605,1,AAPL
2015-03-27,0.014744216357119422,0.012201974793288996,1,AAPL
2015-03-30,-0.004174359797704086,0.006207174526400613,0,AAPL
2015-03-31,0.016444981862152375,-0.00840669363153305,0,AAPL
2015-04-01,-0.010072170671742486,-0.0028040378144527666,0,AAPL
2015-04-02,0.001682422688671803,0.02087499000239942,1,AAPL
2015-04-06,-0.004478925057986083,0.011087008917811484,1,AAPL
2015-04-07,0.02546798425323371,-0.014023816985271123,-1,AAPL
2015-04-08,-0.01402381698527111,0.0007945967421534249,0,AAPL
2015-04-09,0.0,0.020023837902264682,1,AAPL
2015-04-10,0.0007945967421534308,0.008336641524414427,0,AAPL
2015-04-13,0.0192139737991266,-0.015268364882760831,-1,AAPL
2015-04-14,-0.010672275453766478,-0.005669291338582668,0,AAPL
2015-04-15,-0.0046456692913385824,-0.006803259235819947,0,AAPL
2015-04-16,-0.0010283996519262484,-0.005622426354133734,0,AAPL
2015-04-17,-0.005780804561292374,0.020310633213859,1,AAPL
2015-04-20,0.00015929908403022883,0.011308433543043736,1,AAPL
2015-04-21,0.02014812455204273,0.001561280249804973,0,AAPL
2015-04-22,-0.00866510538641685,0.027561225293330296,1,AAPL
2015-04-23,0.010315772895503672,0.0312548713951675,1,AAPL
2015-04-24,0.017069368667186342,0.03038547015096945,1,AAPL
2015-04-27,0.013947428921756487,-0.01624971657471095,-1,AAPL
2015-04-28,0.0162119265361651,-0.051727343720947616,-1,AAPL
2015-04-29,-0.0319437730095572,-0.0311923786109404,-1,AAPL
2015-04-30,-0.02043638598647813,0.015686274509803918,1,AAPL
2015-05-01,-0.01098039215686275,0.0162569389373514,1,AAPL
2015-05-04,0.026962727993655955,-0.022702702702702686,-1,AAPL
2015-05-05,-0.010424710424710382,-0.0263753413968007,-1,AAPL
2015-05-06,-0.012407335154116295,0.0009481668773704533,0,AAPL
2015-05-07,-0.0141434892541088,0.02099863749298713,1,AAPL
2015-05-08,0.015308167027330288,-0.008525418377013044,0,AAPL
2015-05-11,0.005604673192295406,-0.009733888060287266,0,AAPL
2015-05-12,-0.014051338409608372,0.014410828025477725,1,AAPL
2015-05-13,0.0043789808917198405,0.02314704716607204,1,AAPL
2015-05-14,0.00998810939357897,0.007613217172906356,0,AAPL
2015-05-15,0.013028804646417091,0.012551328736344656,1,AAPL
2015-05-18,-0.00534593631362823,0.012618787973204586,1,AAPL
2015-05-19,0.017993456924754625,-0.004744050807253842,0,AAPL
2015-05-20,-0.005279669446782487,0.012307692307692264,1,AAPL
2015-05-21,0.0005384615384613767,0.019451064811255487,1,AAPL
2015-05-22,0.011762896901668318,-0.009574468085106314,0,AAPL
2015-05-26,0.0075987841945288626,-0.005580693815987788,0,AAPL
2015-05-27,-0.017043740573152274,0.006828295227865477,0,AAPL
2015-05-28,0.0116618075801751,-0.005005308660700932,0,AAPL
2015-05-29,-0.004777794630669074,-0.010439686047397518,-1,AAPL
2015-06-01,-0.00022860626381160376,-0.004115853658536525,0,AAPL
2015-06-02,-0.010213414634146156,-0.002156168181118136,0,AAPL
2015-06-03,0.0061604805174801935,-0.008878003979794862,0,AAPL
2015-06-04,-0.008265727843257187,-0.005247723414107167,0,AAPL
2015-06-05,-0.0006173792251891188,-0.0216216216216216,-1,AAPL
2015-06-08,-0.0046332046332046035,-0.007602792862684281,0,AAPL
2015-06-09,-0.01706749418153608,0.01957379636937651,1,AAPL
2015-06-10,0.009629044988161084,0.0020716072545340887,0,AAPL
2015-06-11,0.009849906191369715,-0.023842700108376004,-1,AAPL
2015-06-12,-0.007702430716829299,-0.00901041463509772,0,AAPL
2015-06-15,-0.016265553691929724,0.01284694686756546,1,AAPL
2015-06-16,0.00737509912767642,0.0015744312367157588,0,AAPL
2015-06-17,0.005431787766669194,-7.829627309744061e-05,0,AAPL
2015-06-18,-0.003836517381772597,0.002043543189499261,0,AAPL
2015-06-19,0.0037726951190755202,-0.0018009552893273023,0,AAPL
2015-06-22,-0.0017226528854435985,-0.002196250686328349,0,AAPL
2015-06-23,-7.84375245116431e-05,0.010825227486664651,1,AAPL
2015-06-24,-0.002117979290869209,0.0036160679191888064,0,AAPL
2015-06-25,0.012970678405785918,-0.026385224274406482,-1,AAPL
2015-06-26,-0.009234828496042293,-0.0164486566930368,-1,AAPL
2015-06-29,-0.017310252996005415,0.01147776183644199,1,AAPL
2015-06-30,0.0008767734736170317,0.006848769610575884,0,AAPL
2015-07-01,0.010591701839611556,-0.015445232466509124,-1,AAPL
2015-07-02,-0.003703703703703653,-0.004271138179229661,0,AAPL
2015-07-06,-0.01178517756861508,-0.003681767248279124,0,AAPL
2015-07-07,0.007603649751880992,-0.016204623083644502,-1,AAPL
2015-07-08,-0.011200254190166016,-0.02040488431876612,-1,AAPL
2015-07-09,-0.005061053984575903,0.00952765442067022,0,AAPL
2015-07-10,-0.015421881308033902,0.033623093324585934,1,AAPL
2015-07-13,0.025340331310480524,0.005518675517875692,0,AAPL
2015-07-14,0.00807806126529642,0.013487781656616855,1,AAPL
2015-07-15,-0.002538876547127921,0.026726057906458902,1,AAPL
2015-07-16,0.016067451479478082,0.025285736652575577,1,AAPL
2015-07-17,0.01049005793017077,0.0292066935233962,1,AAPL
2015-07-20,0.014642082429501047,-0.06856532030235933,-1,AAPL
2015-07-21,0.01435443231274336,-0.0500564546480993,-1,AAPL
2015-07-22,-0.0817463304478735,0.027297319452414117,1,AAPL
2015-07-23,0.034511025493892955,-0.02464342313787638,-1,AAPL
2015-07-24,-0.006973058637084084,-0.01548037025215447,-1,AAPL
2015-07-27,-0.01779444621768267,0.0004874482086278517,0,AAPL
2015-07-28,0.0023559996750344148,-0.00859134381585348,0,AAPL
2015-07-29,-0.0018641595072134145,-0.004466098254161685,0,AAPL
2015-07-30,-0.00673974827446211,-0.006703727926749454,0,AAPL
2015-07-31,0.00228907782864618,-0.04225122349102768,-1,AAPL
2015-08-03,-0.008972267536704659,-0.07037037037037035,-1,AAPL
2015-08-04,-0.03358024691358018,-0.01234883324816899,-1,AAPL
2015-08-05,-0.038068472151251864,0.014431164231961002,1,AAPL
2015-08-06,0.026737494466578138,0.004828835043545764,0,AAPL
2015-08-07,-0.011985858411658223,0.028189910979228527,1,AAPL
2015-08-10,0.01701867690696468,-0.03432592465459538,-1,AAPL
2015-08-11,0.010984295889470586,-0.015024191494779697,-1,AAPL
2015-08-12,-0.04481792717086841,0.015906869279303227,1,AAPL
2015-08-13,0.03119168221807533,0.0,0,AAPL
2015-08-14,-0.014822475008617775,0.018456962911126785,1,AAPL
2015-08-17,0.015045486354093862,0.0005170630816958642,0,AAPL
2015-08-18,0.0033609100310239004,-0.02018380142574945,-1,AAPL
2015-08-19,-0.002834321051275568,-0.048837209302325484,-1,AAPL
2015-08-20,-0.017398794142980182,-0.16839060308555395,-1,AAPL
2015-08-21,-0.03199509116409527,0.006157746989042766,0,AAPL
2015-08-24,-0.1409037399257448,0.12875513861073035,1,AAPL
2015-08-25,0.17118161694950973,0.010260102601026016,1,AAPL
2015-08-26,-0.036225362253622606,0.04748564224681336,1,AAPL
2015-08-27,0.048232712331325533,-0.0010690423162583924,0,AAPL
2015-08-28,-0.0007126948775055817,-0.01774092894713377,-1,AAPL
2015-08-31,-0.00035660158687711435,-0.018995808436636008,-1,AAPL
2015-09-01,-0.017390528850441345,0.020965692503176512,1,AAPL
2015-09-02,-0.0016336903249228873,-0.009363636363636373,0,AAPL
2015-09-03,0.02263636363636357,-0.007467330429371405,0,AAPL
2015-09-04,-0.031291670370699576,0.0439570523997431,1,AAPL
2015-09-08,0.024593924933467903,-0.01236005373936417,-1,AAPL
2015-09-09,0.01889834303627413,-0.01731715893108297,-1,AAPL
2015-09-10,-0.03067862165963442,0.05722317946857715,1,AAPL
2015-09-11,0.013784347510655827,0.03703372394668576,1,AAPL
2015-09-14,0.042848197513194235,-0.0028306742151312262,0,AAPL
2015-09-15,-0.005575570423743237,-0.002328991632882,0,AAPL
2015-09-16,0.0027602863797118182,-0.034752688172043064,-1,AAPL
2015-09-17,-0.005075268817204326,-0.017205602628393525,-1,AAPL
2015-09-18,-0.029828808576863205,0.010426878174850742,1,AAPL
2015-09-21,0.013011318064343635,-0.0003518958388317608,0,AAPL
2015-09-22,-0.002551244831529909,-0.0011465866995942447,0,AAPL
2015-09-23,0.002204974422296724,0.02472938484555137,1,AAPL
2015-09-24,-0.003344187274487376,0.005298013245033061,0,AAPL
2015-09-25,0.028167770419426086,-0.03100309172105805,-1,AAPL
2015-09-28,-0.022243215389900373,-0.03232323232323226,-1,AAPL
2015-09-29,-0.008959156785243727,-0.033324470442258315,-1,AAPL
2015-09-30,-0.023575290259682642,-0.01960606335663063,-1,AAPL
2015-10-01,-0.009984569301987878,0.007426423397817936,0,AAPL
2015-10-02,-0.009718529384798669,0.02425701323951477,1,AAPL
2015-10-05,0.017313211739653722,0.016927557335274842,1,AAPL
2015-10-06,0.0068256279577720855,-0.0039772213685256965,0,AAPL
2015-10-07,0.010033444816053505,-0.015571863253982415,-1,AAPL
2015-10-08,-0.013871487381421077,0.023051093565659368,1,AAPL
2015-10-09,-0.0017242944005807506,0.0074545454545453926,0,AAPL
2015-10-12,0.02481818181818185,-0.012773884502794269,-1,AAPL
2015-10-13,-0.01694313847245643,0.0009926006136077752,0,AAPL
2015-10-14,0.004241111712687261,0.004402911312786368,0,AAPL
2015-10-15,-0.003234791984904284,-0.0011719102136483336,0,AAPL
2015-10-16,0.00766248985846918,-0.003936303453211646,0,AAPL
2015-10-19,-0.008767221327607877,0.028880866425992805,1,AAPL
2015-10-20,0.004873646209386351,0.02685467936051729,1,AAPL
2015-10-21,0.023890784982935058,0.02368421052631581,1,AAPL
2015-10-22,0.002894736842105284,0.03279979008134348,1,AAPL
2015-10-23,0.020729467331409124,-0.011139674378748904,-1,AAPL
2015-10-26,0.011825192802056515,-0.009739159891598844,0,AAPL
2015-10-27,-0.02269647696476962,0.0285961871750433,1,AAPL
2015-10-28,0.013258232235701994,0.03472162832463857,1,AAPL
2015-10-29,0.015137261609510013,0.009856781802864378,0,AAPL
2015-10-30,0.019292333614153282,-0.001653029175964862,0,AAPL
2015-11-02,-0.009256963385403716,0.027196129139901482,1,AAPL
2015-11-03,0.0076749812296654785,0.00877556089080212,0,AAPL
2015-11-04,0.01937246460799736,-0.016405425160399546,-1,AAPL
2015-11-05,-0.010395516933322524,-0.0073040623717685734,0,AAPL
2015-11-06,-0.006073040623717607,-0.03476178680538348,-1,AAPL
2015-11-09,-0.001238543472875997,-0.037946428571428485,-1,AAPL
2015-11-10,-0.03356481481481477,-0.005474764756201887,0,AAPL
2015-11-11,-0.00453378956372974,-0.010054137664346496,-1,AAPL
2015-11-12,-0.0009452608060496194,-0.04197488388095656,-1,AAPL
2015-11-13,-0.009117495269224118,-0.0024305555555555656,0,AAPL
2015-11-16,-0.0331597222222223,0.03932483390195735,1,AAPL
2015-11-17,0.031783084934458694,0.023668639053254427,1,AAPL
2015-11-18,0.00730943264879924,0.02971665514858325,1,AAPL
2015-11-19,0.016240497581202495,0.013855831349880957,1,AAPL
2015-11-20,0.013260795647738854,-0.015687919463087285,-1,AAPL
2015-11-23,0.0005872483221476268,-0.0005030602833906454,0,AAPL
2015-11-24,-0.01626561582963026,0.008182050626438321,0,AAPL
2015-11-25,0.016023182476774922,-0.010234040768391905,-1,AAPL
2015-11-27,-0.00771747336632822,0.0038887479922224506,0,AAPL
2015-11-30,-0.002536139994927855,-0.007966776845495361,0,AAPL
2015-12-01,0.006441223832528209,-0.01852631578947371,-1,AAPL
2015-12-02,-0.014315789473684282,-0.015036309269542853,-1,AAPL
2015-12-03,-0.0042716787697565355,0.02084942084942091,1,AAPL
2015-12-04,-0.0108108108108107,0.01934252753924876,1,AAPL
2015-12-07,0.03200624512099925,-0.011262397041519613,-1,AAPL
2015-12-08,-0.01227096991090948,-0.012593601089176223,-1,AAPL
2015-12-09,0.0010211027910143056,-0.020826249574974517,-1,AAPL
2015-12-10,-0.013600816048962905,-0.0332643915891072,-1,AAPL
2015-12-11,-0.0073250603240262455,-0.028214254709610212,-1,AAPL
2015-12-14,-0.02613074051566966,-0.009894811909431393,0,AAPL
2015-12-15,-0.002139418791228476,0.0007146685724495112,0,AAPL
2015-12-16,-0.0077720207253886295,-0.019447195462321033,-1,AAPL
2015-12-17,0.00855316467092826,-0.04231387252276375,-1,AAPL
2015-12-18,-0.027762899482235315,-0.013864658892663584,-1,AAPL
2015-12-21,-0.014966486089431632,-9.321401938856372e-05,0,AAPL
2015-12-22,0.0011185682326622093,0.014897579143389144,1,AAPL
2015-12-23,-0.0012104283054004128,0.002983126689661671,0,AAPL
2015-12-24,0.01612752866598299,-0.018715596330275287,-1,AAPL
2015-12-28,-0.012935779816513726,0.0092015986615856,0,AAPL
2015-12-29,-0.005855562784645496,0.00046746447270018114,0,AAPL
2015-12-30,0.01514584891548254,-0.054982501381469866,-1,AAPL
2015-12-31,-0.014459384785411644,-0.011774600504625784,-1,AAPL
2016-01-04,-0.04111765255583599,-0.0199785595945814,-1,AAPL
2016-01-05,0.030601305915602724,-0.06685579196217488,-1,AAPL
2016-01-06,-0.04907801418439717,-0.01998806682577571,-1,AAPL
2016-01-07,-0.01869530628480509,0.002938792055127605,0,AAPL
2016-01-08,-0.0013173895419539285,0.02029426686960933,1,AAPL
2016-01-11,0.004261796042617894,0.013640497120339441,1,AAPL
2016-01-12,0.015964433666767697,-0.02575832918945801,-1,AAPL
2016-01-13,-0.002287419194430651,-0.041068580542264664,-1,AAPL
2016-01-14,-0.023524720893141948,0.004593711719069036,0,AAPL
2016-01-15,-0.017966516945692068,-0.011434511434511524,-1,AAPL
2016-01-19,0.02297297297297285,-0.013718118077431098,-1,AAPL
2016-01-20,-0.03363479321207197,0.03711882229232388,1,AAPL
2016-01-21,0.020609884332281947,0.045950958170203934,1,AAPL
2016-01-22,0.016175561508345204,0.013180573861908258,1,AAPL
2016-01-25,0.029301429585318894,-0.053979511426319834,-1,AAPL
2016-01-26,-0.015661938534278885,-0.06144301010707495,-1,AAPL
2016-01-27,-0.038927249074352084,-0.013015410245730944,-1,AAPL
2016-01-28,-0.023427738442315715,0.028574474890713214,1,AAPL
2016-01-29,0.010662117496534895,0.006646270703660675,0,AAPL
2016-02-01,0.017723388543095187,-0.015237897792059698,-1,AAPL
2016-02-02,-0.010884212708614059,0.004611192622091781,0,AAPL
2016-02-03,-0.004401592957451239,0.01599999999999996,1,AAPL
2016-02-04,0.009052631578947423,-0.028479031921552305,-1,AAPL
2016-02-05,0.006885040684331267,-0.023104019892250204,-1,AAPL
2016-02-08,-0.03512225445503525,0.02995812305379584,1,AAPL
2016-02-09,0.012455707076130196,-0.005302789267154523,0,AAPL
2016-02-10,0.017287093010923682,-0.0180358632193495,-1,AAPL
2016-02-11,-0.022206005004170137,0.013114404520737708,1,AAPL
2016-02-12,0.004264846998613736,0.02632975899777051,1,AAPL
2016-02-16,0.008811975793608706,0.04020206272363721,1,AAPL
2016-02-17,0.017364765312565922,-0.006930795489810714,0,AAPL
2016-02-18,0.02244750181028232,-0.0255969243221368,-1,AAPL
2016-02-19,-0.02873330635370297,0.004166666666666726,0,AAPL
2016-02-22,0.0032291666666666163,-0.024192711037275445,-1,AAPL
2016-02-23,0.0009344824005814712,-0.00363070539419096,0,AAPL
2016-02-24,-0.025103734439834047,0.03426260906575866,1,AAPL
2016-02-25,0.022025962970844803,0.008433107756376911,0,AAPL
2016-02-26,0.011972930765226542,0.00462962962962966,0,AAPL
2016-02-29,-0.0034979423868313213,0.03768325418129265,1,AAPL
2016-03-01,0.008156101589923637,0.030005120327700894,1,AAPL
2016-03-02,0.029288274449564836,0.01850562133121082,1,AAPL
2016-03-03,0.0006964481146154442,0.017995625372837564,1,AAPL
2016-03-04,0.01779677868363505,-0.015531894109602457,-1,AAPL
2016-03-07,0.0001953697372276686,-0.010547905068854365,-1,AAPL
2016-03-08,-0.015724191815607025,0.006251240325461357,0,AAPL
2016-03-09,0.005258979956340504,0.009179745336097054,0,AAPL
2016-03-10,0.0009870693909781456,0.004930480228774283,0,AAPL
2016-03-11,0.008184597179765385,0.016823161189358362,1,AAPL
2016-03-14,-0.003227699530516381,0.026493965263467797,1,AAPL
2016-03-15,0.02011578844078099,0.015005771450557929,1,AAPL
2016-03-16,0.006252404771065922,0.01653761590670112,1,AAPL
2016-03-17,0.008698977153235754,0.003885519332828002,0,AAPL
2016-03-18,0.007771038665655761,-0.010250141056987057,-1,AAPL
2016-03-21,-0.003855557645288665,0.005192107995846286,0,AAPL
2016-03-22,-0.006419333522137305,0.0020902612826603213,0,AAPL
2016-03-23,0.011686460807601051,-0.004507888805409504,0,AAPL
2016-03-24,-0.009485349361382456,-0.005499194083625659,0,AAPL
2016-03-28,0.005025125628140614,0.025000000000000053,1,AAPL
2016-03-29,-0.010471698113207584,0.046048241014396016,1,AAPL
2016-03-30,0.03584707789112418,0.0011965025310630047,0,AAPL
2016-03-31,0.009848136217211144,0.00637987604812252,0,AAPL
2016-04-01,-0.008567262121764506,0.006710792425078176,0,AAPL
2016-04-04,0.015076300790586528,-0.0017207027712370742,0,AAPL
2016-04-05,-0.008241260641188129,0.0040178979088667495,0,AAPL
2016-04-06,0.00657474203269115,-0.011974961444252993,-1,AAPL
2016-04-07,-0.0025401433366597503,-0.008913142337426138,0,AAPL
2016-04-08,-0.009458844929513429,0.003948214121751968,0,AAPL
2016-04-11,0.0005509135983841064,0.01679361292098741,1,AAPL
2016-04-12,0.003395429934844429,0.02085238704957016,1,AAPL
2016-04-13,0.013352844338759828,0.011823104693140815,1,AAPL
2016-04-14,0.007400722021660755,-0.0244579824404229,-1,AAPL
2016-04-15,0.004389894284178464,-0.03773080010703777,-1,AAPL
2016-04-18,-0.02872179109802875,-0.020663054458627973,-1,AAPL
2016-04-19,-0.00927541555698419,-0.008806080830552359,0,AAPL
2016-04-20,-0.011494252873563204,-0.015285071267816912,-1,AAPL
2016-04-21,0.0027194298574644282,-0.018049191059571743,-1,AAPL
2016-04-22,-0.017955671934910655,-0.01047519283877734,-1,AAPL
2016-04-25,-9.522902580716419e-05,-0.08571428571428573,-1,AAPL
2016-04-26,-0.01038095238095238,-0.06062939081897794,-1,AAPL
2016-04-27,-0.07612356847271673,-0.020937500000000053,-1,AAPL
2016-04-28,0.0167708333333334,-0.037342485401085916,-1,AAPL
2016-04-29,-0.037086364102038805,0.0022342802425790826,0,AAPL
2016-05-02,-0.00026598574316405443,0.013143191613898786,1,AAPL
2016-05-03,0.0025009311977863824,-0.002123142250530816,0,AAPL
2016-05-04,0.010615711252653924,-0.019222689075630232,-1,AAPL
2016-05-05,-0.012605042016806787,-0.010638297872340424,-1,AAPL
2016-05-06,-0.006702127659574453,-0.0004284031273428965,0,AAPL
2016-05-09,-0.0039627289279212646,0.0051612903225806885,0,AAPL
2016-05-10,0.003548387096774075,-0.006535947712418296,0,AAPL
2016-05-11,0.0016072002571521082,-0.037227214377406975,-1,AAPL
2016-05-12,-0.008130081300813052,-0.0035591026747195673,0,AAPL
2016-05-13,-0.02933563416738572,0.050555555555555534,1,AAPL
2016-05-16,0.026555555555555662,0.019157917523541467,1,AAPL
2016-05-17,0.023379153588050542,0.0009518773135907287,0,AAPL
2016-05-18,-0.004124801692226288,0.005097706032285514,0,AAPL
2016-05-19,0.005097706032285432,0.012996618765849578,1,AAPL
2016-05-20,0.0,0.0272612003381234,1,AAPL
2016-05-23,0.012996618765849677,0.02920621675185144,1,AAPL
2016-05-24,0.01408156879107114,0.025303435507097388,1,AAPL
2016-05-25,0.014914626620037062,0.007803790412486023,0,AAPL
2016-05-26,0.010236140670923266,-0.0008025682182986808,0,AAPL
2016-05-27,-0.0024077046548957037,-0.004223652453740965,0,AAPL
2016-05-31,0.0016090104585679832,-0.02008032128514056,-1,AAPL
2016-06-01,-0.005823293172690702,-0.012421732983235607,-1,AAPL
2016-06-02,-0.014340537265199016,0.003995901639344268,0,AAPL
2016-06-03,0.0019467213114754407,0.014929951937825887,1,AAPL
2016-06-06,0.002045198895592515,0.010511276660883776,1,AAPL
2016-06-07,0.012858454944382204,-0.007556675062972292,0,AAPL
2016-06-08,-0.002317380352644837,-0.004948495253484093,0,AAPL
2016-06-09,-0.00525146435063617,0.001928934010152261,0,AAPL
2016-06-10,0.00030456852791882483,-0.01228052369836606,-1,AAPL
2016-06-13,0.0016238709022631248,-0.008815482825007645,0,AAPL
2016-06-14,-0.013881852264667205,-0.008939580764488187,0,AAPL
2016-06-15,0.005137690094533465,-0.012267429973420452,-1,AAPL
2016-06-16,-0.0140053158863217,-0.004665629860031133,0,AAPL
2016-06-17,0.0017625712804563156,-0.017387704409025116,-1,AAPL
2016-06-20,-0.006416890912854578,0.0026041666666666665,0,AAPL
2016-06-21,-0.011041666666666727,0.010532968190436065,1,AAPL
2016-06-22,0.013798188329471328,-0.03470129870129874,-1,AAPL
2016-06-23,-0.003220779220779235,-0.030644152595372086,-1,AAPL
2016-06-24,-0.03158223889931211,-0.00010763104079206657,0,AAPL
2016-06-27,0.0009686793671295213,0.010430107526881708,1,AAPL
2016-06-28,-0.0010752688172042113,0.016576964477933175,1,AAPL
2016-06-29,0.011517761033369213,0.016175375119719018,1,AAPL
2016-06-30,0.0050015962541236645,0.010059296908089823,1,AAPL
2016-07-01,0.011118170266836149,-0.009320347680385388,0,AAPL
2016-07-05,-0.0010472300764476916,0.003249816542614553,0,AAPL
2016-07-06,-0.00828179054408229,0.01997885835095138,1,AAPL
2016-07-07,0.011627906976744208,0.01097178683385577,1,AAPL
2016-07-08,0.008254963427377193,0.007047362420976338,0,AAPL
2016-07-11,0.002694579749196846,0.006821705426356554,0,AAPL
2016-07-12,0.004341085271317935,0.002264073273644117,0,AAPL
2016-07-13,0.002469898116702618,0.015501488553536653,1,AAPL
2016-07-14,-0.000205317729185861,0.01345107300544206,1,AAPL
2016-07-15,0.015710031830783455,0.006469874646178736,0,AAPL
2016-07-18,-0.0022240194096239123,0.013171225937183357,1,AAPL
2016-07-19,0.008713272543059869,0.002711932503013218,0,AAPL
2016-07-20,0.004419445560466029,-0.007399999999999948,0,AAPL
2016-07-21,-0.0017000000000000348,-0.01582690573975757,-1,AAPL
2016-07-22,-0.005709706501051737,-0.02458190610517844,-1,AAPL
2016-07-25,-0.01017529719927468,0.061221374045801524,1,AAPL
2016-07-26,-0.01455470737913489,0.06207395166287963,1,AAPL
2016-07-27,0.07689526957240256,-0.0007193209610128311,0,AAPL
2016-07-28,-0.013763007720711706,0.015365165807643669,1,AAPL
2016-07-29,0.013225712340756646,0.017852001151742004,1,AAPL
2016-08-01,0.002111527017947923,0.003831050665645108,0,AAPL
2016-08-02,0.015707307729144748,-0.004431871758604421,0,AAPL
2016-08-03,-0.011692597831211682,0.013929968514454669,1,AAPL
2016-08-04,0.007346627230226055,0.01837469217654857,1,AAPL
2016-08-05,0.0065353286607312535,0.018443587089489108,1,AAPL
2016-08-08,0.011762491766255769,0.011067708333333313,1,AAPL
2016-08-09,0.006603422619047672,0.002679478887554209,0,AAPL
2016-08-10,0.004434999538020845,-0.00855487075706,0,AAPL
2016-08-11,-0.0017477692944530832,-0.003501658680427529,0,AAPL
2016-08-12,-0.006819019535569404,0.01716459454444233,1,AAPL
2016-08-15,0.003340137316756309,0.008877381172554039,0,AAPL
2016-08-16,0.013778435361568198,-0.0036486363221745095,0,AAPL
2016-08-17,-0.004834443126881305,-0.003024747937671845,0,AAPL
2016-08-18,0.0011915673693860818,-0.0033873477982239732,0,AAPL
2016-08-19,-0.004211297262656899,-0.001654868070239888,0,AAPL
2016-08-22,0.0008274340351199783,-0.002709902627227648,0,AAPL
2016-08-23,-0.002480249862208295,-0.011050741320563613,-1,AAPL
2016-08-24,-0.00023022377751180653,-0.010638787822963212,-1,AAPL
2016-08-25,-0.010823009257127092,-0.007170127572399628,0,AAPL
2016-08-26,0.00018623707980247595,-0.014989293361884362,-1,AAPL
2016-08-29,-0.007354994879433919,-0.009003939223410317,0,AAPL
2016-08-30,-0.007690864753329695,0.0032136105860113744,0,AAPL
2016-08-31,-0.0013232514177693446,0.019307211811470812,1,AAPL
2016-09-01,0.004542873367404887,0.016581872997927315,1,AAPL
2016-09-02,0.014697569248162791,0.0012070566388114714,0,AAPL
2016-09-06,0.0018570102135562203,-0.006024096385542221,0,AAPL
2016-09-07,-0.0006487488415199971,-0.02958360382082906,-1,AAPL
2016-09-08,-0.005378837058332532,-0.04289044289044284,-1,AAPL
2016-09-09,-0.02433566433566436,0.027427370030581082,1,AAPL
2016-09-12,-0.019017584097859253,0.0592303945445689,1,AAPL
2016-09-13,0.04734534827082326,0.05906427309087521,1,AAPL
2016-09-14,0.011347781601711349,0.05876942886048009,1,AAPL
2016-09-15,0.04718109077531496,0.011681011768838909,1,AAPL
2016-09-16,0.011066221675742229,-0.017981236970118202,-1,AAPL
2016-09-19,0.0006080611535788094,-0.011632954249500857,-1,AAPL
2016-09-20,-0.018578001562635667,0.01149933657673593,1,AAPL
2016-09-21,0.007076514816452884,0.005006587615283333,0,AAPL
2016-09-22,0.004391743522178304,-0.02369916921731521,-1,AAPL
2016-09-23,0.0006121556624398838,-0.012410417759133034,-1,AAPL
2016-09-26,-0.024296451669288614,0.01836259405231097,1,AAPL
2016-09-27,0.012182013615191778,0.001415929203539793,0,AAPL
2016-09-28,0.0061061946902654105,-0.0108188934822764,-1,AAPL
2016-09-29,-0.004661799630574337,-0.003976670201484649,0,AAPL
2016-09-30,-0.00618593142453161,0.005335230304108204,0,AAPL
2016-10-03,0.0022230126267117627,0.006121905775885121,0,AAPL
2016-10-04,0.0031053145239996467,0.005660711126835314,0,AAPL
2016-10-05,0.0030072527861313425,0.008024691358024659,0,AAPL
2016-10-06,0.002645502645502562,0.011609498680738723,1,AAPL
2016-10-07,0.005364995602462619,0.029656198057912694,1,AAPL
2016-10-10,0.006211180124223503,0.020257346548426345,1,AAPL
2016-10-11,0.023300295600765075,-0.007731520815632936,0,AAPL
2016-10-12,-0.0029736618521666322,0.00451640391989775,0,AAPL
2016-10-13,-0.004772049424797475,0.004623683534549123,0,AAPL
2016-10-14,0.009332990838256672,0.002544960977265112,0,AAPL
2016-10-17,-0.004665761791652456,-0.0006818375522031732,0,AAPL
2016-10-18,0.007244523992159022,-0.011169402606194005,-1,AAPL
2016-10-19,-0.007869351836182203,-0.003752665245202539,0,AAPL
2016-10-20,-0.0033262260127931986,0.002053739517371169,0,AAPL
2016-10-21,-0.0004278623994523612,0.009759438404246215,0,AAPL
2016-10-24,0.002482664155466052,-0.023825789923142545,-1,AAPL
2016-10-25,0.00725875320239111,-0.021704111911827063,-1,AAPL
2016-10-26,-0.03086053412462908,-0.003849182048814607,0,AAPL
2016-10-27,0.009447992301635956,-0.015079296299505978,-1,AAPL
2016-10-28,-0.013172718606464963,-0.0036005971722140226,0,AAPL
2016-10-31,-0.001932027750944032,-0.019797624285085788,-1,AAPL
2016-11-01,-0.0016717993840740242,-0.02185792349726767,-1,AAPL
2016-11-02,-0.01815617838885941,-0.025763016157989267,-1,AAPL
2016-11-03,-0.0037701974865350647,-0.008109569291764332,0,AAPL
2016-11-04,-0.022076049738691702,0.016400995116557644,1,AAPL
2016-11-07,0.014281765410485647,-0.0018168604651163046,0,AAPL
2016-11-08,0.00208938953488369,0.007070981778623887,0,AAPL
2016-11-09,-0.0038981053394978593,-0.025118310884601303,-1,AAPL
2016-11-10,0.011012013105205831,-0.030425780898370777,-1,AAPL
2016-11-11,-0.035736789990098106,-0.005134428678118104,0,AAPL
2016-11-14,0.0055078416728902005,-0.009377030916349371,0,AAPL
2016-11-15,-0.010583975489740991,0.030402552313033775,1,AAPL
2016-11-16,0.0012198554940414663,0.028303655107778783,1,AAPL
2016-11-17,0.029147141518275577,0.002823058009288792,0,AAPL
2016-11-18,-0.0008195974865677912,0.020324462267590267,1,AAPL
2016-11-21,0.0036456434560701023,0.011260443152924036,1,AAPL
2016-11-22,0.016618234653105638,-0.007324698526127801,0,AAPL
2016-11-23,-0.005270209915140711,0.0006285919540230549,0,AAPL
2016-11-25,-0.0020653735632184533,-0.0031494645910194762,0,AAPL
2016-11-28,0.002699541078016843,0.0015256214663913444,0,AAPL
2016-11-29,-0.005833258547967346,-0.003746163567431001,0,AAPL
2016-11-30,0.007402058133237022,-0.02177419354838703,-1,AAPL
2016-12-01,-0.011066308243727565,-0.003307207901055542,0,AAPL
2016-12-02,-0.0108277080596203,0.003022808463863683,0,AAPL
2016-12-05,0.007602821287899575,-0.006727272727272682,0,AAPL
2016-12-06,-0.004545454545454518,0.012420091324200909,1,AAPL
2016-12-07,-0.0021917808219177326,0.02791506498261026,1,AAPL
2016-12-08,0.014643968515467563,0.021919538156233147,1,AAPL
2016-12-09,0.013079559805159624,0.01362300774641618,1,AAPL
2016-12-12,0.00872584809901178,0.015447082708094268,1,AAPL
2016-12-13,0.0048547974225439106,0.013527758257203022,1,AAPL
2016-12-14,0.01054111033028815,0.012430458970792705,1,AAPL
2016-12-15,0.002955493741307213,0.0036401456058242476,0,AAPL
2016-12-16,0.009447044548448693,0.002318193526229896,0,AAPL
2016-12-19,-0.005752554305829882,0.008635578583765112,0,AAPL
2016-12-20,0.00811744386873925,-0.0033407572383073545,0,AAPL
2016-12-21,0.000513962652047395,-0.010359589041095836,-1,AAPL
2016-12-22,-0.003852739726027399,0.0014611087236785707,0,AAPL
2016-12-23,-0.006532015470562924,0.016696946102603968,1,AAPL
2016-12-27,0.008045678691928293,-0.0006007552351527048,0,AAPL
2016-12-28,0.008582217645039414,-0.007402995234853559,0,AAPL
2016-12-29,-0.009104833219877428,-0.00558179476170035,0,AAPL
2016-12-30,0.0017174753112925154,-0.006858122588941374,0,AAPL
2015-01-02,-0.004216470588235266,-0.026483431315098,-1,GOOG
2015-01-05,-0.010869359747452843,-0.03107441807132208,-1,GOOG
2015-01-06,-0.01578565149256583,-0.03302912621359221,-1,GOOG
2015-01-07,-0.01553398058252431,-0.004418145956607513,0,GOOG
2015-01-08,-0.017771203155818482,-0.006124620976324847,0,GOOG
2015-01-09,0.013594650494989756,-0.011728346144702464,-1,GOOG
2015-01-12,-0.01945479039543541,-0.0005859296076292488,0,GOOG
2015-01-13,0.007879742999151285,0.013491299815572164,1,GOOG
2015-01-14,-0.008399486809397838,0.010835944607298118,1,GOOG
2015-01-15,0.022076215505913318,0.010740352473445828,1,GOOG
2015-01-16,-0.0109974879838598,0.014479710405791903,1,GOOG
2015-01-20,0.021979560408791787,0.02050880626223096,1,GOOG
2015-01-21,-0.007338551859099819,0.055869886643666884,1,GOOG
2015-01-22,0.02805322819122713,0.0326954053846743,1,GOOG
2015-01-23,0.027057605277287733,-0.010493101066114013,-1,GOOG
2015-01-26,0.005489273511454451,-0.029246281544203667,-1,GOOG
2015-01-27,-0.01589512190592901,-0.03579447893276983,-1,GOOG
2015-01-28,-0.01356680566824553,-0.01323692566662833,-1,GOOG
2015-01-29,-0.022533379241746032,0.04056751467710376,1,GOOG
2015-01-30,0.009510763209393373,0.02353351684565577,1,GOOG
2015-02-02,0.03076416081882672,-0.004682827750926239,0,GOOG
2015-02-03,-0.007014838357813247,-0.007973484848484917,0,GOOG
2015-02-04,0.002348484848484933,-0.0030232030836671877,0,GOOG
2015-02-05,-0.010297785503741276,0.008037572309513425,0,GOOG
2015-02-06,0.007350273964756848,0.003146084451519916,0,GOOG
2015-02-09,0.0006822833750284031,0.013825757575757491,1,GOOG
2015-02-10,0.002462121212121193,0.015019837521254575,1,GOOG
2015-02-11,0.011335726431135562,0.015038296282458563,1,GOOG
2015-02-12,0.0036428171119000648,0.017831549557934,1,GOOG
2015-02-13,0.011354118194509157,-0.003588846967884505,0,GOOG
2015-02-17,0.006404711511916794,-0.016074465556023036,-1,GOOG
2015-02-18,-0.00992995995099033,0.003195419283339524,0,GOOG
2015-02-19,-0.006206132249722995,-0.0036986097687904413,0,GOOG
2015-02-20,0.009460263177458959,-0.02417469114208384,-1,GOOG
2015-02-23,-0.013035553182479398,-0.0002798246432235375,0,GOOG
2015-02-24,-0.011286260610017584,0.02492452830188686,1,GOOG
2015-02-25,0.011132075471698144,0.03422280276170934,1,GOOG
2015-02-26,0.013640604590408724,0.03188453820805938,1,GOOG
2015-02-27,0.02030522265790391,0.029247257505773738,1,GOOG
2015-03-02,0.011348874133949138,0.02023085294275067,1,GOOG
2015-03-03,0.01769753626032511,0.00801121921290198,0,GOOG
2015-03-04,0.002489262862652275,0.005263433997237118,0,GOOG
2015-03-05,0.00550824488082946,-0.014190810754408487,-1,GOOG
2015-03-06,-0.0002434697923550111,-0.01849081547453381,-1,GOOG
2015-03-09,-0.0139507375452268,-0.02067529901563001,-1,GOOG
2015-03-10,-0.0046043114702043475,-0.019034116083296432,-1,GOOG
2015-03-11,-0.016145325653522447,-0.002954209748892147,0,GOOG
2015-03-12,-0.002936196274813563,-0.004625029358096413,0,GOOG
2015-03-13,-1.8066520930060115e-05,-0.0032339656729899976,0,GOOG
2015-03-16,-0.004607046070460585,0.0028133224430528262,0,GOOG
2015-03-17,0.0013794355204646005,0.01392035670914058,1,GOOG
2015-03-18,0.0014319116927370425,0.016561085972850637,1,GOOG
2015-03-19,0.012470588235294013,0.0018591680223099512,0,GOOG
2015-03-20,0.004040115125404364,0.001620226119469364,0,GOOG
2015-03-23,-0.002172171281046964,0.017968345734525368,1,GOOG
2015-03-24,0.0038006530699641328,-0.00883461319681441,0,GOOG
2015-03-25,0.01411405005688282,-0.030674846625766868,-1,GOOG
2015-03-26,-0.0226292725679228,-0.010706791728689588,-1,GOOG
2015-03-27,-0.008231854947183481,-0.0054249547920434,0,GOOG
2015-03-30,-0.002495479204339901,-0.005474783365360178,0,GOOG
2015-03-31,-0.002936804321815756,-0.0166363636363636,-1,GOOG
2015-04-01,-0.002545454545454517,-0.029857819905213263,-1,GOOG
2015-04-02,-0.014126868392271287,-0.005121567902375856,0,GOOG
2015-04-06,-0.015956364981048354,0.011574161061215229,1,GOOG
2015-04-07,0.01101048438615604,0.00548245614035075,0,GOOG
2015-04-08,0.0005575379125779545,0.0072625283257178345,0,GOOG
2015-04-09,0.004922173929194917,-0.0048426150121065464,0,GOOG
2015-04-10,0.002328891189028237,-0.01113795201829273,-1,GOOG
2015-04-13,-0.00715484334949934,-0.018034583310116682,-1,GOOG
2015-04-14,-0.0040118125592020215,-0.011841491841491884,-1,GOOG
2015-04-15,-0.014079254079254032,-7.56572725554706e-05,0,GOOG
2015-04-16,0.002269718176659552,-0.00811473862993009,0,GOOG
2015-04-17,-0.0023400641630496604,0.01674043808875274,1,GOOG
2015-04-20,-0.0057882192713651906,0.016742770167427614,1,GOOG
2015-04-21,0.02265981735159817,0.006492902457628712,0,GOOG
2015-04-22,-0.00578593886625367,0.059318862275449184,1,GOOG
2015-04-23,0.012350299401197695,0.04138632162661735,1,GOOG
2015-04-24,0.0463955637707949,-0.02024377318494972,-1,GOOG
2015-04-27,-0.0047871400812578005,-0.02293260441257381,-1,GOOG
2015-04-28,-0.015530982090558918,-0.012206115678638364,-1,GOOG
2015-04-29,-0.0075183903072262295,-0.02187221828619194,-1,GOOG
2015-04-30,-0.004723236506985029,-0.017047839816014806,-1,GOOG
2015-05-01,-0.017230364867578233,-0.0004085953605852453,0,GOOG
2015-05-04,0.00018572516390258365,-0.01353685031474563,-1,GOOG
2015-05-05,-0.0005942101647075093,-0.02642091376971819,-1,GOOG
2015-05-06,-0.012950335370951915,0.010183721105338394,1,GOOG
2015-05-07,-0.0136473157141781,0.027443271818164455,1,GOOG
2015-05-08,0.024160766426840168,-0.009410230131370457,0,GOOG
2015-05-11,0.003205068480387707,-0.01450675186210238,-1,GOOG
2015-05-12,-0.012574994891988768,0.0040820165537997725,0,GOOG
2015-05-13,-0.0019563581640332783,0.016246984318455983,1,GOOG
2015-05-14,0.00605021109770809,-0.003297300335350415,0,GOOG
2015-05-15,0.010135451599003307,-0.00964427463926691,0,GOOG
2015-05-18,-0.01329797099298924,0.012180222176274916,1,GOOG
2015-05-19,0.0037029379147008883,0.007434735383347742,0,GOOG
2015-05-20,0.00844600921382832,0.003082694200449345,0,GOOG
2015-05-21,-0.0010028041374955388,0.000316014499488724,0,GOOG
2015-05-22,0.0040895994051490785,-0.013607331296862023,-1,GOOG
2015-05-26,-0.003758215310561863,-0.00020441537203600248,0,GOOG
2015-05-27,-0.009886270720285584,0.00857732732732742,0,GOOG
2015-05-28,0.009778528528528565,-0.002267615843571732,0,GOOG
2015-05-29,-0.001189568967119525,-0.008262463479539338,0,GOOG
2015-06-01,-0.0010793308148948633,0.005812328843681896,0,GOOG
2015-06-02,-0.007190894018144878,0.009063103972379187,0,GOOG
2015-06-03,0.013097404912465029,-0.006593691541182689,0,GOOG
2015-06-04,-0.003982145172343521,-0.008275066944361881,0,GOOG
2015-06-05,-0.0026219875037191143,-0.016388552251328566,-1,GOOG
2015-06-08,-0.0056679407103571436,-0.007406574037614019,0,GOOG
2015-06-09,-0.010781721700324431,0.020594813860034897,1,GOOG
2015-06-10,0.0034119341875806786,0.0042315248602085714,0,GOOG
2015-06-11,0.017124452168656434,-0.01936202813762354,-1,GOOG
2015-06-12,-0.012675860147652762,-0.006019563581640418,0,GOOG
2015-06-15,-0.006772009029345383,0.002594696969696978,0,GOOG
2015-06-16,0.0007575757575757348,0.004920514761544328,0,GOOG
2015-06-17,0.0018357305071916574,0.014810057237848825,1,GOOG
2015-06-18,0.0030791317981750947,0.016177024482109288,1,GOOG
2015-06-19,0.01169491525423738,0.004523370748869064,0,GOOG
2015-06-22,0.004430297276670103,0.0007598361719082418,0,GOOG
2015-06-23,9.266294779353146e-05,-0.0014268771773774773,0,GOOG
2015-06-24,0.0006671114076051142,-0.00507407407407409,0,GOOG
2015-06-25,-0.0020925925925925357,-0.025720489171785432,-1,GOOG
2015-06-26,-0.0029877335906619558,-0.020920969363064455,-1,GOOG
2015-06-29,-0.02280087853180956,-0.0005333231747966186,0,GOOG
2015-06-30,0.0019237728805165946,-0.009391277898178663,0,GOOG
2015-07-01,-0.0024523782365688533,-0.009967030663388823,0,GOOG
2015-07-02,-0.006955958302364951,0.003934136792814835,0,GOOG
2015-07-06,-0.003032163967145229,0.0029836381135706536,0,GOOG
2015-07-07,0.006987487969201123,-1.911570737673409e-05,0,GOOG
2015-07-08,-0.003976067134364381,0.010056616447557834,1,GOOG
2015-07-09,0.0039727473371078395,0.018657287046949057,1,GOOG
2015-07-10,0.006059795075699537,0.038894905850386734,1,GOOG
2015-07-13,0.012521613559064448,0.05113721663413902,1,GOOG
2015-07-14,0.026047140069058727,0.03357963274562882,1,GOOG
2015-07-15,0.02445314214646288,0.1586595968792959,1,GOOG
2015-07-16,0.008908646207130609,0.16654869762174407,1,GOOG
2015-07-17,0.14842865232163072,0.0095685670261942,0,GOOG
2015-07-20,0.01577812018489988,0.0025028821066682503,0,GOOG
2015-07-21,-0.006113099933256483,0.009248943086949138,0,GOOG
2015-07-22,0.008668976358724656,-0.021017113286628617,-1,GOOG
2015-07-23,0.0005749822209444313,-0.06089796905953693,-1,GOOG
2015-07-24,-0.021579687570886352,-0.021901081916537803,-1,GOOG
2015-07-27,-0.040185471406491535,0.012560386473429878,1,GOOG
2015-07-28,0.01904991948470225,-0.004471975095997409,0,GOOG
2015-07-29,-0.006368218952957472,0.004103053435114569,0,GOOG
2015-07-30,0.001908396946564972,-0.007396825396825345,0,GOOG
2015-07-31,0.002190476190476076,-0.004688143431847756,0,GOOG
2015-08-03,-0.009566346732554076,0.014376179358429029,1,GOOG
2015-08-04,0.004925320625579488,0.02638362878329786,1,GOOG
2015-08-05,0.009404538366061031,0.009301152397017287,0,GOOG
2015-08-06,0.016820897640029475,-0.008558139534883692,0,GOOG
2015-08-07,-0.00739534883720927,0.045249363509988635,1,GOOG
2015-08-10,-0.0011714540087156555,0.03690498530055674,1,GOOG
2015-08-11,0.046475261149684144,-0.014760161386730503,-1,GOOG
2015-08-12,-0.009145248057381929,-0.012170477167159393,-1,GOOG
2015-08-13,-0.005666737045303849,-0.0038258970382476494,0,GOOG
2015-08-14,-0.006540805144675033,0.010518923375215624,1,GOOG
2015-08-17,0.002732782705607395,-0.0003045066991472774,0,GOOG
2015-08-18,0.007764920828258194,-0.009729566399758185,0,GOOG
2015-08-19,-0.0080072518507327,-0.025616813889735076,-1,GOOG
2015-08-20,-0.0017362168748096265,-0.1258047783236201,-1,GOOG
2015-08-21,-0.02392213102248808,-0.03887273750351685,-1,GOOG
2015-08-24,-0.1043796304979836,0.06518324607329846,1,GOOG
2015-08-25,0.07314136125654436,0.03982696654795012,1,GOOG
2015-08-26,-0.007415719373566777,0.0368149422462522,1,GOOG
2015-08-27,0.04759564184484311,-0.018548639349390075,-1,GOOG
2015-08-28,-0.010290897716609182,-0.04813375051357421,-1,GOOG
2015-08-31,-0.00834360481653562,-0.034834432864837325,-1,GOOG
2015-09-01,-0.040124932275233394,0.02430440268278104,1,GOOG
2015-09-02,0.005511654160302637,-0.00937788931448942,0,GOOG
2015-09-03,0.018689737154933272,-0.007309562398703389,0,GOOG
2015-09-04,-0.027552674230145846,0.03536666666666671,1,GOOG
2015-09-08,0.020816666666666702,0.0009959346275041448,0,GOOG
2015-09-09,0.01425329393132957,-0.002366311451659681,0,GOOG
2015-09-10,-0.013071053732977013,0.02055129668895779,1,GOOG
2015-09-11,0.010846517696949887,0.01121419927390084,1,GOOG
2015-09-14,0.009600645421540932,0.015614511746843503,1,GOOG
2015-09-15,0.0015982100047946535,0.01769586724110406,1,GOOG
2015-09-16,0.013993936492739724,0.0020772027003634107,0,GOOG
2015-09-17,0.003650841109729797,-0.005315229150660855,0,GOOG
2015-09-18,-0.0015679142037348106,-0.015373985144239018,-1,GOOG
2015-09-21,-0.003753199641954197,-0.01946721311475413,-1,GOOG
2015-09-22,-0.011664564943253408,-0.016523125996810228,-1,GOOG
2015-09-23,-0.007894736842105288,0.012410577927819352,1,GOOG
2015-09-24,-0.008697050076360345,-0.010216658017643931,-1,GOOG
2015-09-25,0.021292812662169203,-0.05159026311192977,-1,GOOG
2015-09-28,-0.030852533464598163,-0.011567323131369498,-1,GOOG
2015-09-29,-0.02139790936199504,0.01856750602732392,1,GOOG
2015-09-30,0.01004553978033762,0.006497811961278466,0,GOOG
2015-10-01,0.008437209919109012,0.038841494485263896,1,GOOG
2015-10-02,-0.001923171754031228,0.05210803689064556,1,GOOG
2015-10-05,0.04084321475625807,0.027278481012658243,1,GOOG
2015-10-06,0.010822784810126551,0.003944649677540514,0,GOOG
2015-10-07,0.01627950660572286,-0.014232025137083371,-1,GOOG
2015-10-08,-0.01213726819049965,0.0011382063115879038,0,GOOG
2015-10-09,-0.0021204939503555176,0.0049218749999999645,0,GOOG
2015-10-12,0.0032656250000000497,0.01731844445482721,1,GOOG
2015-10-13,0.0016508589138592988,0.01789629168934151,1,GOOG
2015-10-14,0.015641763196766027,0.01668682353301385,1,GOOG
2015-10-15,0.0022198068002632354,0.009959368221672291,0,GOOG
2015-10-16,0.014434973879571043,-0.00010540422520373134,0,GOOG
2015-10-19,-0.00441191971209598,-0.010632505520433124,-1,GOOG
2015-10-20,0.004325599685411019,-0.026112884765977836,-1,GOOG
2015-10-21,-0.01489368110354794,0.11213024535656964,1,GOOG
2015-10-22,-0.011388825192998442,0.08481521571053025,1,GOOG
2015-10-23,0.12494201329828347,-0.02765635738831616,-1,GOOG
2015-10-26,-0.035670103092783616,0.008238899579502653,0,GOOG
2015-10-27,0.008310170337110678,0.0044106420877039285,0,GOOG
2015-10-28,-7.06833667900586e-05,0.011875645031314913,1,GOOG
2015-10-29,0.004481642232055716,0.000788177339901401,0,GOOG
2015-10-30,0.007361013370865699,0.004373157475584362,0,GOOG
2015-11-02,-0.006524806840568442,0.015385480831434838,1,GOOG
2015-11-03,0.010969538435575243,0.01475948028823417,1,GOOG
2015-11-04,0.004368027154105114,0.013157894736842105,1,GOOG
2015-11-05,0.010346260387811723,0.0010007265548960453,0,GOOG
2015-11-06,0.002782842337587521,-0.009706083390293949,0,GOOG
2015-11-09,-0.0017771701982227661,0.0030950424541221462,0,GOOG
2015-11-10,-0.007943029307039273,0.009110988404196607,0,GOOG
2015-11-11,0.011126449475427956,-0.004491712858040135,0,GOOG
2015-11-12,-0.001993282909646954,-0.02106703146374826,-1,GOOG
2015-11-13,-0.0025034199726402533,0.0001645706762483434,0,GOOG
2015-11-16,-0.018610200639082697,0.016741196198993873,1,GOOG
2015-11-17,0.019130799329234227,0.012957808279285395,1,GOOG
2015-11-18,-0.0023447462600610924,0.026045245883614083,1,GOOG
2015-11-19,0.01533851947552156,0.02532690797844984,1,GOOG
2015-11-20,0.010544981996372105,0.007327234002652308,0,GOOG
2015-11-23,0.014627677387379025,-0.012291240345897495,-1,GOOG
2015-11-24,-0.007195194402270787,-0.00470744680851059,0,GOOG
2015-11-25,-0.005132978723404236,0.0008955543080171614,0,GOOG
2015-11-27,0.0004277274306947465,-0.0018037036047350863,0,GOOG
2015-11-30,0.00046762686048684715,0.02682923572067685,1,GOOG
2015-12-01,-0.0022702688265380244,0.02529747962147472,1,GOOG
2015-12-02,0.029165718568885387,-0.02054883599947972,-1,GOOG
2015-12-03,-0.0037586162049680905,0.0022976201355073573,0,GOOG
2015-12-04,-0.016853565880340926,0.006360377107953743,0,GOOG
2015-12-07,0.019479484796175672,-0.011201271214035484,-1,GOOG
2015-12-08,-0.01286843716217101,-0.0066500415627597205,0,GOOG
2015-12-09,0.0016888994445103393,-0.023723276736435837,-1,GOOG
2015-12-10,-0.008324881120170602,-0.014690841469084224,-1,GOOG
2015-12-11,-0.01552766155276619,0.015974958173673743,1,GOOG
2015-12-14,0.0008500188893085793,0.011067822429528622,1,GOOG
2015-12-15,0.015112093719246822,0.012509960159362496,1,GOOG
2015-12-16,-0.003984063745019917,-0.004653333333333345,0,GOOG
2015-12-17,0.016559999999999908,-0.021366176123396502,-1,GOOG
2015-12-18,-0.02086776317515271,0.0068853732702843715,0,GOOG
2015-12-21,-0.0005090353779587664,0.009837427794084185,0,GOOG
2015-12-22,0.007398174580837136,-0.002793853522251078,0,GOOG
2015-12-23,0.0024213397192842656,-0.0007299560699166102,0,GOOG
2015-12-24,-0.005202595989223235,0.02286705356547275,1,GOOG
2015-12-28,0.004496030951904428,0.031450884556128225,1,GOOG
2015-12-29,0.018288795622376952,0.003665105844604658,0,GOOG
2015-12-30,0.01292569356584794,-0.04326551635333508,-1,GOOG
2015-12-31,-0.00914241565799645,-0.029954515919428142,-1,GOOG
2016-01-04,-0.034437946718648534,-0.017496635262449527,-1,GOOG
2016-01-05,0.004643337819650206,-0.021622345769978027,-1,GOOG
2016-01-06,-0.022037644852300968,0.001986301369863076,0,GOOG
2016-01-07,0.00042465753424658637,-0.01875915707028513,-1,GOOG
2016-01-08,0.0015609809532939336,-0.013357030555745568,-1,GOOG
2016-01-11,-0.02028846811128581,0.0198713386639874,1,GOOG
2016-01-12,0.007074978021517797,-0.02258618778405936,-1,GOOG
2016-01-13,0.01270646269814879,-0.05276048436751735,-1,GOOG
2016-01-14,-0.03484983238694672,-0.002948765204570644,0,GOOG
2016-01-15,-0.01855737333068708,-0.005315691401002398,0,GOOG
2016-01-19,0.015903739762238356,-0.0015924925351912481,0,GOOG
2016-01-20,-0.020887245841035074,0.05081250635337856,1,GOOG
2016-01-21,0.01970636499615153,0.030476515993050343,1,GOOG
2016-01-22,0.0305049987182775,-0.0134742951907131,-1,GOOG
2016-01-25,-2.763957987839127e-05,-0.013695790375632386,-1,GOOG
2016-01-26,-0.01344702728101943,0.011725152342929193,1,GOOG
2016-01-27,-0.0002521538138264834,0.02502557204310117,1,GOOG
2016-01-28,0.01198032704191032,0.0391016587743347,1,GOOG
2016-01-29,0.012890808894796546,0.07240988066108024,1,GOOG
2016-02-01,0.025877270925321,0.026330517282733244,1,GOOG
2016-02-02,0.04535884657410128,-0.07863607393244111,-1,GOOG
2016-02-03,-0.018202676864244705,-0.08614421853496408,-1,GOOG
2016-02-04,-0.061553841759497414,-0.07603657946071572,-1,GOOG
2016-02-05,-0.02620328993788124,-0.044823617997641535,-1,GOOG
2016-02-08,-0.05117422251267989,0.028464475555888283,1,GOOG
2016-02-09,0.006693119712510409,0.003986197049024199,0,GOOG
2016-02-10,0.021626606377915136,0.004950062603732896,0,GOOG
2016-02-11,-0.017266983082433133,0.026637037037037063,1,GOOG
2016-02-12,0.02260740740740741,0.01266189551763105,1,GOOG
2016-02-16,0.003940544142786885,0.02456059337931828,1,GOOG
2016-02-17,0.008687119397385201,-0.005679542203147392,0,GOOG
2016-02-18,0.01573676680972813,-0.0035915492957745844,0,GOOG
2016-02-19,-0.02108450704225351,0.009237011352028077,0,GOOG
2016-02-22,0.017869732241773798,-0.02619266379249429,-1,GOOG
2016-02-23,-0.008481164746625192,-0.002052890441228961,0,GOOG
2016-02-24,-0.01786299807541536,0.028537420890669574,1,GOOG
2016-02-25,0.016097660105672595,0.00044285081641699277,0,GOOG
2016-02-26,0.012242682247396441,-0.006999915323605007,0,GOOG
2016-02-29,-0.011657117051003365,0.0266735206762622,1,GOOG
2016-03-01,0.004712131596984247,0.021403598533299147,1,GOOG
2016-03-02,0.0218583894715898,-0.005577190542420015,0,GOOG
2016-03-03,-0.00044506258692633693,-0.01639116157399673,-1,GOOG
2016-03-04,-0.00513441309066609,-0.036923593336969714,-1,GOOG
2016-03-07,-0.011314843564245723,-0.011925307681425874,-1,GOOG
2016-03-08,-0.025901824869146942,0.02836230558096977,1,GOOG
2016-03-09,0.014348160734254156,0.0308245164430827,1,GOOG
2016-03-10,0.013815911921771784,0.026393831553973814,1,GOOG
2016-03-11,0.01677681748856119,0.009611111111111056,0,GOOG
2016-03-14,0.009458333333333343,-0.0006053851763183514,0,GOOG
2016-03-15,0.00015134629407964617,0.013110108402575371,1,GOOG
2016-03-16,-0.0007566169592251315,0.02132521992923718,1,GOOG
2016-03-17,0.013877225105662472,6.789327177670518e-05,0,GOOG
2016-03-18,0.007346052006246052,-0.0059310382012778395,0,GOOG
2016-03-21,-0.007225082899738554,0.007956551255940277,0,GOOG
2016-03-22,0.001303462321792237,-0.00739023133458092,0,GOOG
2016-03-23,0.006644428172375427,-0.0075030982272752435,0,GOOG
2016-03-24,-0.013942022738294143,0.00352454201445341,0,GOOG
2016-03-28,0.006529965437630514,0.018064848871455992,1,GOOG
2016-03-29,-0.002985925433298453,0.019956710546018826,1,GOOG
2016-03-30,0.02111381859268424,-0.01533128916144514,-1,GOOG
2016-03-31,-0.0011331822423676918,0.0010810810810810082,0,GOOG
2016-04-01,-0.014214214214214203,-0.000812347684809129,0,GOOG
2016-04-04,0.015515840779853685,-0.0190518091885982,-1,GOOG
2016-04-05,-0.016078713702903702,0.009986449864498651,0,GOOG
2016-04-06,-0.003021680216802159,0.01114478709379296,1,GOOG
2016-04-07,0.01304755562200155,-0.0031527965976629363,0,GOOG
2016-04-08,-0.0018782618028629907,-0.008024517117625748,0,GOOG
2016-04-11,-0.0012769332096724815,0.008263572985922299,0,GOOG
2016-04-12,-0.0067562111383273615,0.02169376693766937,1,GOOG
2016-04-13,0.015121951219512209,0.0064338726039831935,0,GOOG
2016-04-14,0.006473917454215439,0.008554263206058335,0,GOOG
2016-04-15,-3.978727072584398e-05,0.02059736332528711,1,GOOG
2016-04-18,0.008594392424202235,-0.0032348841490677173,0,GOOG
2016-04-19,0.011900691686610676,-0.018362334472586447,-1,GOOG
2016-04-20,-0.014957570401944119,-0.041820580474934095,-1,GOOG
2016-04-21,-0.003456464379947289,-0.05200031772088217,-1,GOOG
2016-04-22,-0.038497180227170524,-0.001211620542475555,0,GOOG
2016-04-25,-0.014043783560512058,-0.012302751012428514,-1,GOOG
2016-04-26,0.013014942047200108,-0.023655261779382937,-1,GOOG
2016-04-27,-0.02499241818532716,-0.023455725374315936,-1,GOOG
2016-04-28,0.0013714318030793038,-0.015008612656369125,-1,GOOG
2016-04-29,-0.02479315505605284,0.008932966555668102,0,GOOG
2016-05-02,0.01003329955117982,-0.01023465160615224,-1,GOOG
2016-05-03,-0.0010894026919713307,0.0011910399357126019,0,GOOG
2016-05-04,-0.009155222638368654,0.01142666801836375,1,GOOG
2016-05-05,0.010441860128314715,0.020495915149777773,1,GOOG
2016-05-06,0.0009746309301992273,0.026303731492883536,1,GOOG
2016-05-09,0.019502276697499932,0.016025280898876358,1,GOOG
2016-05-10,0.0066713483146068064,0.0004325078479245838,0,GOOG
2016-05-11,0.009291942797349021,-0.015869285743907353,-1,GOOG
2016-05-12,-0.008777871469844212,-0.011059046662761763,-1,GOOG
2016-05-13,-0.007154213036565937,0.0057028078603234295,0,GOOG
2016-05-16,-0.003932970938153924,-0.007699575536220491,0,GOOG
2016-05-17,0.009673825673712777,-0.019036578723166518,-1,GOOG
2016-05-18,-0.017206944231064725,-0.0029132974263503556,0,GOOG
2016-05-19,-0.0018616681114725921,0.005937126260037529,0,GOOG
2016-05-20,-0.001053590751181721,0.007468430204384153,0,GOOG
2016-05-23,0.00699809013426056,0.02014068758580672,1,GOOG
2016-05-24,0.0004670714619336992,0.0226494638259344,1,GOOG
2016-05-25,0.019664431429137208,0.004509129252455741,0,GOOG
2016-05-26,0.002927465453132827,0.012270532737560009,1,GOOG
2016-05-27,0.0015770470485703125,0.014530186047154019,1,GOOG
2016-05-31,0.010676648112595057,0.0010386202749610393,0,GOOG
2016-06-01,0.0038128296936070782,-0.007161041754591359,0,GOOG
2016-06-02,-0.00276367200795058,-0.010361774744027349,-1,GOOG
2016-06-03,-0.0044095563139932015,-0.012930738958136151,-1,GOOG
2016-06-06,-0.005978581321047114,-0.001310507511277168,0,GOOG
2016-06-07,-0.006993971665448018,0.004209268726383603,0,GOOG
2016-06-08,0.0057234941098021075,-0.006202000110503355,0,GOOG
2016-06-09,-0.0015056080446433915,-0.008798262481497383,0,GOOG
2016-06-10,-0.004703473653630663,-0.004155836935521994,0,GOOG
2016-06-13,-0.004114139574964981,0.003475178294790037,0,GOOG
2016-06-14,-4.1869618009449106e-05,-0.002191268423403375,0,GOOG
2016-06-15,0.003517195176417909,-0.014394993045897109,-1,GOOG
2016-06-16,-0.0056884561891515925,-0.022576268341469537,-1,GOOG
2016-06-17,-0.008756346952763283,-0.014464121921964296,-1,GOOG
2016-06-20,-0.013942002398927513,0.000415014954849183,0,GOOG
2016-06-21,-0.0005295018389456232,-0.0013602520045818036,0,GOOG
2016-06-22,0.0009450171821305806,-0.03417446285011299,-1,GOOG
2016-06-23,-0.002303092724515677,-0.03792386551007247,-1,GOOG
2016-06-24,-0.03194494228976996,0.005628212153976137,0,GOOG
2016-06-27,-0.006176222284757893,0.017883755588673618,1,GOOG
2016-06-28,0.011877794336810688,0.009573324300042709,0,GOOG
2016-06-29,0.005935461066026493,0.013469985358711634,1,GOOG
2016-06-30,0.003616398243045493,0.01544925379666494,1,GOOG
2016-07-01,0.009818081024698387,-0.0032071655590870077,0,GOOG
2016-07-05,0.0055764229991330785,0.0029020486739650252,0,GOOG
2016-07-06,-0.008734879177082376,0.013797501376851477,1,GOOG
2016-07-07,0.01173947070929593,0.01428203071281216,1,GOOG
2016-07-08,0.002034150813660318,0.02804860614724804,1,GOOG
2016-07-11,0.012223016440314538,0.021989972459572137,1,GOOG
2016-07-12,0.015634489089753508,0.0034208477027478533,0,GOOG
2016-07-13,0.006257648236733804,0.0029158950830546608,0,GOOG
2016-07-14,-0.0028191592272186483,0.0015660079270489696,0,GOOG
2016-07-15,0.0057512680506666145,0.005732159343006308,0,GOOG
2016-07-18,-0.004161327215355559,0.020229414287888648,1,GOOG
2016-07-19,0.009934828631124493,0.01434462727260276,1,GOOG
2016-07-20,0.010193316801161869,0.0061437890768041075,0,GOOG
2016-07-21,0.004109421832829252,0.0004187152196228125,0,GOOG
2016-07-22,0.0020260413852719594,-0.003801256301728156,0,GOOG
2016-07-25,-0.0016040762408002784,-0.003226808160179279,0,GOOG
2016-07-26,-0.002200710167820974,0.010824853864472829,1,GOOG
2016-07-27,-0.0010283611171248985,0.04663542287479014,1,GOOG
2016-07-28,0.011865416914991656,0.018807560505461646,1,GOOG
2016-07-29,0.034362283144142365,-0.005202469231665154,0,GOOG
2016-08-01,-0.015037983201977469,0.008001681798473135,0,GOOG
2016-08-02,0.009985678434876407,0.004592228336520538,0,GOOG
2016-08-03,-0.001964380959814882,0.008602935425845334,0,GOOG
2016-08-04,0.00656951432519115,0.012664784646862257,1,GOOG
2016-08-05,0.0020201496982723555,0.009460053245108494,0,GOOG
2016-08-08,0.01062317454573658,0.002237851662404092,0,GOOG
2016-08-09,-0.0011508951406649093,0.0049929586480603975,0,GOOG
2016-08-10,0.003392651389066748,-0.002870813397129186,0,GOOG
2016-08-11,0.0015948963317384823,-0.0015923566878980893,0,GOOG
2016-08-12,-0.0044585987261146496,-0.0015355086372361426,0,GOOG
2016-08-15,0.002879078694817627,-0.008204146730462457,0,GOOG
2016-08-16,-0.0044019138755981855,-0.0003716519287453077,0,GOOG
2016-08-17,-0.00381904395745214,-0.002984613801265952,0,GOOG
2016-08-18,0.0034606082437089736,-0.008640914860065909,0,GOOG
2016-08-19,-0.00642299457699258,0.0006193548387097009,0,GOOG
2016-08-22,-0.0022322580645161016,-0.003478733172113157,0,GOOG
2016-08-23,0.002857992680435073,-0.010935162737917184,-1,GOOG
2016-08-24,-0.00631866714808893,-0.0020504035920995106,0,GOOG
2016-08-25,-0.004645851177035532,0.002268578878748382,0,GOOG
2016-08-26,0.0026075619295957697,0.0004291287386216397,0,GOOG
2016-08-29,-0.00033810143042911633,-0.002250435778026405,0,GOOG
2016-08-30,0.0007674896584020098,-0.00010398658573049396,0,GOOG
2016-08-31,-0.0030156109861828595,0.007822583799428951,0,GOOG
2016-09-01,0.0029204312851200953,0.005459863503412475,0,GOOG
2016-09-02,0.004887877803054996,0.009042573834749884,0,GOOG
2016-09-06,0.0005692035031890086,0.006645549162841794,0,GOOG
2016-09-07,0.008468550003232211,-0.012692307692307662,-1,GOOG
2016-09-08,-0.001807692307692288,-0.030131391361307026,-1,GOOG
2016-09-09,-0.01090432705274924,-0.007297753538501498,0,GOOG
2016-09-12,-0.019439033891702432,0.005932753300756185,0,GOOG
2016-09-13,0.012381973964747715,-0.0020798451234826697,0,GOOG
2016-09-14,-0.006370343239849308,0.013348955385000178,1,GOOG
2016-09-15,0.004318005292189397,0.012491971319587323,1,GOOG
2016-09-16,0.008992122062158492,-0.0009743423189347189,0,GOOG
2016-09-19,0.003468658655407575,0.00031071178892313654,0,GOOG
2016-09-20,-0.004427642992154479,0.014304291287386216,1,GOOG
2016-09-21,0.004759427828348485,0.018028628374705646,1,GOOG
2016-09-22,0.009499650557813322,0.003512820512820525,0,GOOG
2016-09-23,0.008448717948718043,-0.014098831665797978,-1,GOOG
2016-09-26,-0.004894544807332979,-0.006247285177709057,0,GOOG
2016-09-27,-0.009249559240616323,0.007659574468085176,0,GOOG
2016-09-28,0.003030303030303161,-0.0019541042617471,0,GOOG
2016-09-29,0.0046152857234684755,-0.009200962325962396,0,GOOG
2016-09-30,-0.006539209664209733,-0.0003864336042663148,0,GOOG
2016-10-03,-0.002679272989579262,0.006535356796900154,0,GOOG
2016-10-04,0.002298999031320692,0.0038271716299627945,0,GOOG
2016-10-05,0.004226640722652332,0.0004491152429713757,0,GOOG
2016-10-06,-0.000397787786631687,-0.0016559691912708134,0,GOOG
2016-10-07,0.0008472400513477307,0.00897827258035554,0,GOOG
2016-10-10,-0.0025010902188132844,0.007779249334584812,0,GOOG
2016-10-11,0.011508145709840269,-0.006915312841634175,0,GOOG
2016-10-12,-0.003686471919253531,-0.002692150658364823,0,GOOG
2016-10-13,-0.003240787996325323,-0.0018176697985203558,0,GOOG
2016-10-14,0.0005504211361715416,0.007931938847310234,0,GOOG
2016-10-17,-0.002366788204439363,0.02444216465760459,1,GOOG
2016-10-18,0.010323159784560332,0.019610331915973767,1,GOOG
2016-10-19,0.013974741384781277,-0.004831885436747382,0,GOOG
2016-10-20,0.005557920036051378,0.0019917838914478058,0,GOOG
2016-10-21,-0.010332378936885322,0.027270440251572263,1,GOOG
2016-10-24,0.012452830188679265,0.0017890421170332395,0,GOOG
2016-10-25,0.014635358429618606,-0.019199686535729968,-1,GOOG
2016-10-26,-0.012661017779301507,0.002492744995907423,0,GOOG
2016-10-27,-0.006622516556291425,-0.006903870162297095,0,GOOG
2016-10-28,0.00917602996254674,-0.031496257809117384,-1,GOOG
2016-10-31,-0.01593369208882289,-0.021710435340113368,-1,GOOG
2016-11-01,-0.015814549888745092,-0.019977263727982204,-1,GOOG
2016-11-02,-0.005990624481089224,-0.0353893600616809,-1,GOOG
2016-11-03,-0.014070932922128021,0.009449332029977192,0,GOOG
2016-11-04,-0.02162267839687204,0.043614952175418976,1,GOOG
2016-11-07,0.031758718993952106,0.007023886378308657,0,GOOG
2016-11-08,0.011491284699806316,0.009918304825121243,0,GOOG
2016-11-09,-0.0044166453918814685,-0.030002307869836257,-1,GOOG
2016-11-10,0.014398543477703196,-0.04495873200449959,-1,GOOG
2016-11-11,-0.04377061819836448,-0.012649694662542543,-1,GOOG
2016-11-14,-0.0012424987442830606,-0.000529380624669107,0,GOOG
2016-11-15,-0.011421386977236605,0.02670789991565917,1,GOOG
2016-11-16,0.01101784542886608,0.02141154661016944,1,GOOG
2016-11-17,0.015519067796610162,-0.005619882125906152,0,GOOG
2016-11-18,0.0058024305012256425,0.0016334573550954676,0,GOOG
2016-11-21,-0.0113564178020924,0.006713785552248206,0,GOOG
2016-11-22,0.013139088131548292,-0.010833128405575768,-1,GOOG
2016-11-23,-0.006341974813300011,-0.010068643924296327,-1,GOOG
2016-11-25,-0.004519818165240386,0.009512469578415698,0,GOOG
2016-11-28,-0.0055740193127993285,0.013250000000000066,1,GOOG
2016-11-29,0.015171052631578918,-0.018262413645613155,-1,GOOG
2016-11-30,-0.0018923437844282638,-0.03308790109990003,-1,GOOG
2016-12-01,-0.01640110639292536,0.00035646387832697214,0,GOOG
2016-12-02,-0.016965040135192292,0.02704844276716043,1,GOOG
2016-12-05,0.017620435407405433,0.004342030592179018,0,GOOG
2016-12-06,0.009264758284831977,0.010134295764518195,1,GOOG
2016-12-07,-0.004877538477632615,0.024967148488830485,1,GOOG
2016-12-08,0.015085413929040838,0.016259320629660245,1,GOOG
2016-12-09,0.009734879867439927,0.01782051282051279,1,GOOG
2016-12-12,0.0064615384615385185,0.015744420666462873,1,GOOG
2016-12-13,0.011286049118516273,0.004333039425620424,0,GOOG
2016-12-14,0.004408615694671879,0.003762227238525207,0,GOOG
2016-12-15,-7.524454477048081e-05,-0.008929691223317536,0,GOOG
2016-12-16,0.0038377605538415524,-0.0045477261369315175,0,GOOG
2016-12-19,-0.01271864067966011,0.0071119435094024516,0,GOOG
2016-12-20,0.008276176254713885,-0.005522365580601408,0,GOOG
2016-12-21,-0.0011546764395802267,-0.0062072778447929905,0,GOOG
2016-12-22,-0.004372738238841989,-0.0021202483719522233,0,GOOG
2016-12-23,-0.0018425967994346595,0.0035402705778228203,0,GOOG
2016-12-27,-0.0002781641168290161,-0.00929579602367571,0,GOOG
2016-12-28,0.0038194971417009342,-0.013796144639032436,-1,GOOG
2016-12-29,-0.013065389945823402,-0.005770237320158932,0,GOOG
2016-12-30,-0.0007404286826753204,0.0071670392845736355,0,GOOG
2015-01-02,-0.0014979670447250464,-0.00600085726532349,0,MSFT
2015-01-05,-0.00621517359622803,-0.008410610308389058,0,MSFT
2015-01-06,0.00021565667457412727,0.007977576541612708,0,MSFT
2015-01-07,-0.008624407072013951,0.03545019573727713,1,MSFT
2015-01-08,0.01674641148325362,0.014331550802139076,1,MSFT
2015-01-09,0.01839572192513361,-0.013442554085276214,-1,MSFT
2015-01-12,-0.003990758244066361,-0.030788696752425158,-1,MSFT
2015-01-13,-0.00948966680725438,-0.01596763891845859,-1,MSFT
2015-01-14,-0.021503087076857552,-0.01414273281114009,-1,MSFT
2015-01-15,0.0056570931244559475,0.0017308524448290414,0,MSFT
2015-01-16,-0.01968844655993074,0.01390421540498776,1,MSFT
2015-01-20,0.021849481350695088,0.001727861771058432,0,MSFT
2015-01-21,-0.007775377969762355,0.030909882455376618,1,MSFT
2015-01-22,0.009577710056595691,0.013367830961621332,1,MSFT
2015-01-23,0.02112979732643372,-0.093116554054054,-1,MSFT
2015-01-26,-0.007601351351351315,-0.0906382978723404,-1,MSFT
2015-01-27,-0.08617021276595738,-0.04703143189755537,-1,MSFT
2015-01-28,-0.004889406286379572,-0.027842770238652427,-1,MSFT
2015-01-29,-0.04234908750584943,-0.008306865379916841,0,MSFT
2015-01-30,0.015147813339848382,0.0019253910950663155,0,MSFT
2015-02-02,-0.023104693140794108,0.0332594235033258,1,MSFT
2015-02-03,0.025622074402562145,0.014172471775162053,1,MSFT
2015-02-04,0.007446552966610563,0.01764425369575589,1,MSFT
2015-02-05,0.006676204101096817,0.000473709142586526,0,MSFT
2015-02-06,0.010895310279488424,0.001405810684161253,0,MSFT
2015-02-09,-0.010309278350515427,0.009706439393939312,0,MSFT
2015-02-10,0.011837121212121104,-0.0018717828731868366,0,MSFT
2015-02-11,-0.00210575573233518,0.017116060961313108,1,MSFT
2015-02-12,0.00023446658851100644,0.030707923112986462,1,MSFT
2015-02-13,0.016877637130801926,0.005763024435223605,0,MSFT
2015-02-17,0.013600737667127659,-0.017966795542415263,-1,MSFT
2015-02-18,-0.007732544916988827,-0.0027504011001605443,0,MSFT
2015-02-19,-0.010314004125601685,0.012042612320518831,1,MSFT
2015-02-20,0.0076424270495598625,0.014709262238565859,1,MSFT
2015-02-23,0.004366812227074357,0.005720823798627002,0,MSFT
2015-02-24,0.010297482837528404,-0.0036240090600225725,0,MSFT
2015-02-25,-0.0045300113250281715,0.004095563139931735,0,MSFT
2015-02-26,0.0009101251422070078,-0.007274380541032059,0,MSFT
2015-02-27,0.003182541486701496,-0.012916383412644466,-1,MSFT
2015-03-02,-0.0104237480172219,-0.015113350125944669,-1,MSFT
2015-03-03,-0.0025188916876573986,-0.011248852157943112,-1,MSFT
2015-03-04,-0.012626262626262765,-0.0002325040688211581,0,MSFT
2015-03-05,0.0013950244129272704,-0.020431855119572847,-1,MSFT
2015-03-06,-0.001625261202693351,-0.015116279069767409,-1,MSFT
2015-03-09,-0.018837209302325686,0.0028442758947619,0,MSFT
2015-03-10,0.003792367859682511,-0.0240850059031878,-1,MSFT
2015-03-11,-0.000944510035419066,-0.03805246986528006,-1,MSFT
2015-03-12,-0.023162372961474945,0.0033873699491894648,0,MSFT
2015-03-13,-0.01524316477135246,0.016461916461916328,1,MSFT
2015-03-16,0.018918918918918733,-0.0009645526886905993,0,MSFT
2015-03-17,-0.0024113817217266127,0.02151317379743777,1,MSFT
2015-03-18,0.0014503263234229016,0.02727492155442922,1,MSFT
2015-03-19,0.02003379193820897,0.014671083767155809,1,MSFT
2015-03-20,0.00709891150023667,0.0051691729323308,0,MSFT
2015-03-23,0.007518796992481258,0.0009328358208955023,0,MSFT
2015-03-24,-0.002332089552238848,-0.036465638148667656,-1,MSFT
2015-03-25,0.0032725572697522853,-0.04193849021435238,-1,MSFT
2015-03-26,-0.03960857409133278,-0.002911208151382762,0,MSFT
2015-03-27,-0.0024260067928190128,-0.008268482490272283,0,MSFT
2015-03-30,-0.00048638132295708564,-0.0121654501216545,-1,MSFT
2015-03-31,-0.007785888077858848,-0.0029426189308485663,0,MSFT
2015-04-01,-0.004413928396272636,-0.006403940886699458,0,MSFT
2015-04-02,0.001477832512315258,0.023364485981308483,1,MSFT
2015-04-06,-0.007870142646335343,0.027764005949429783,1,MSFT
2015-04-07,0.031482399603371285,-0.008651766402307123,0,MSFT
2015-04-08,-0.0036049026676279188,0.004100337674867383,0,MSFT
2015-04-09,-0.00506512301013029,0.0036363636363636025,0,MSFT
2015-04-10,0.009212121212121229,0.004083593562334725,0,MSFT
2015-04-13,-0.005524861878453136,0.00869565217391303,0,MSFT
2015-04-14,0.009661835748792312,0.0035885167464116195,0,MSFT
2015-04-15,-0.0009569377990430448,-0.002155172413793015,0,MSFT
2015-04-16,0.0045498084291188965,-0.005244338498212299,0,MSFT
2015-04-17,-0.006674612634088195,0.031917446604271614,1,MSFT
2015-04-20,0.0014398848092151972,0.02252576084351797,1,MSFT
2015-04-21,0.030433740714114643,-0.0025581395348837077,0,MSFT
2015-04-22,-0.007674418604651123,0.07007265057417376,1,MSFT
2015-04-23,0.005155847199437513,0.1011890883655863,1,MSFT
2015-04-24,0.06458381907204469,0.046430135786246274,1,MSFT
2015-04-27,0.034384581690757754,0.03154774507728143,1,MSFT
2015-04-28,0.011645140800338849,0.019254918375889527,1,MSFT
2015-04-29,0.01967350355797404,-0.0028735632183908163,0,MSFT
2015-04-30,-0.0004105090311986581,-0.006776180698152061,0,MSFT
2015-05-01,-0.00246406570841895,-0.015644298065047302,-1,MSFT
2015-05-04,-0.004322766570605152,-0.016539177175935442,-1,MSFT
2015-05-05,-0.011370684308455559,-0.0324132162275198,-1,MSFT
2015-05-06,-0.0052279381012129145,-0.0004204330460374842,0,MSFT
2015-05-07,-0.027328147992432102,0.027663712988977608,1,MSFT
2015-05-08,0.027663712988977632,-0.014721345951629775,-1,MSFT
2015-05-11,0.0,0.013459516298633031,1,MSFT
2015-05-12,-0.014721345951629772,0.025188900747065014,1,MSFT
2015-05-13,0.02860192102454628,0.014110811371653863,1,MSFT
2015-05-14,-0.003318115791658083,-0.001043095891951099,0,MSFT
2015-05-15,0.017486950891211883,-0.026805811336197975,-1,MSFT
2015-05-18,-0.01821158174749337,-0.0122967903293038,-1,MSFT
2015-05-19,-0.00875364735306361,-0.005887300252312892,0,MSFT
2015-05-20,-0.0035744322960471475,-0.001899134838573611,0,MSFT
2015-05-21,-0.002321164802700948,-0.009517766497461987,0,MSFT
2015-05-22,0.00042301184433157785,-0.010147991543340316,-1,MSFT
2015-05-26,-0.009936575052854058,0.014307068118727347,1,MSFT
2015-05-27,-0.0002135383301302696,0.013028620247757356,1,MSFT
2015-05-28,0.014523707817172047,-0.009263157894736794,0,MSFT
2015-05-29,-0.0014736842105262935,-0.010541851149061776,-1,MSFT
2015-06-01,-0.00780096985030565,0.006587335316616982,0,MSFT
2015-06-02,-0.002762430939226568,-0.002983166418069477,0,MSFT
2015-06-03,0.009375665885361206,-0.02237703187671512,-1,MSFT
2015-06-04,-0.012244036309900784,-0.010472323145971405,-1,MSFT
2015-06-05,-0.010258602265441286,-0.011876484560570165,-1,MSFT
2015-06-08,-0.00021593608291958777,-0.01101511879049672,-1,MSFT
2015-06-09,-0.011663066954643586,0.019667832167832137,1,MSFT
2015-06-10,0.0006555944055943731,0.009390696658659091,0,MSFT
2015-06-11,0.01899978161170557,-0.025932276039434068,-1,MSFT
2015-06-12,-0.009429918559794248,-0.018823020337516167,-1,MSFT
2015-06-15,-0.016659454781479788,0.006160616061606029,0,MSFT
2015-06-16,-0.002200220022002264,0.01918412348401317,1,MSFT
2015-06-17,0.008379272326350495,0.023179532035862725,1,MSFT
2015-06-18,0.01071506669582334,0.0023799221116399703,0,MSFT
2015-06-19,0.012332323669407286,-0.014105578114981759,-1,MSFT
2015-06-22,-0.009831160504381264,-0.014245629181955462,-1,MSFT
2015-06-23,-0.004316857327865242,-0.0021677866897897554,0,MSFT
2015-06-24,-0.00997181877303277,-0.000437924239106703,0,MSFT
2015-06-25,0.007882636303919499,-0.02150771236150341,-1,MSFT
2015-06-26,-0.008255485552900343,-0.020591456736035,-1,MSFT
2015-06-29,-0.013362541073384415,-0.0128774422735346,-1,MSFT
2015-06-30,-0.007326820603907547,-0.005144263028405367,0,MSFT
2015-07-01,-0.005591590248266609,-0.011246063877642824,-1,MSFT
2015-07-02,0.00044984255510560617,-0.0031474820143883426,0,MSFT
2015-07-06,-0.011690647482014316,0.010919017288443968,1,MSFT
2015-07-07,0.008644222020018244,0.009246729815065326,0,MSFT
2015-07-08,0.00225529995489393,0.012826282628262834,1,MSFT
2015-07-09,0.006975697569757022,0.005027932960893887,0,MSFT
2015-07-10,0.005810055865921759,0.00977560542101766,0,MSFT
2015-07-13,-0.0007776049766717862,0.0156753752084491,1,MSFT
2015-07-14,0.010561423012784843,0.012321232123212214,1,MSFT
2015-07-15,0.0050605060506050395,0.019045534150612903,1,MSFT
2015-07-16,0.007224168126094498,0.01391001956096502,1,MSFT
2015-07-17,0.011736579004564264,0.004940923737916304,0,MSFT
2015-07-20,0.002148227712137407,-0.025937834941050397,-1,MSFT
2015-07-21,0.0027867095391211905,-0.032278751603249216,-1,MSFT
2015-07-22,-0.028644719965797424,0.010343309859154905,1,MSFT
2015-07-23,-0.0037411971830985102,0.014800088358736347,1,MSFT
2015-07-24,0.014137397835210841,-0.0071879764757133155,0,MSFT
2015-07-27,0.0006534524068830816,-0.011754462342185442,-1,MSFT
2015-07-28,-0.007836308228123645,0.014918824045634044,1,MSFT
2015-07-29,-0.0039491004826678324,0.04162995594713658,1,MSFT
2015-07-30,0.018942731277532987,0.015564202334630324,1,MSFT
2015-07-31,0.02226545611759612,-0.011418904631000194,-1,MSFT
2015-08-03,-0.006555297102981639,0.02128565346956152,1,MSFT
2015-08-04,-0.004895700297999128,0.020534759358288787,1,MSFT
2015-08-05,0.02631016042780732,-0.033138807836598505,-1,MSFT
2015-08-06,-0.005627344726969463,-0.015929574512680737,-1,MSFT
2015-08-07,-0.027667155732550845,0.009269239060142266,0,MSFT
2015-08-10,0.012071567148092207,-0.016187433439829715,-1,MSFT
2015-08-11,-0.0027689030883919497,0.00512601452370786,0,MSFT
2015-08-12,-0.013455788124733026,0.007360900627841598,0,MSFT
2015-08-13,0.018835245724182714,-0.0053123671908202295,0,MSFT
2015-08-14,-0.011262218444538894,0.006662368364496072,0,MSFT
2015-08-17,0.006017623038899743,-0.0006408886989959652,0,MSFT
2015-08-18,0.0006408886989959227,-0.01643894107600348,-1,MSFT
2015-08-19,-0.0012809564474808301,-0.03163745190252253,-1,MSFT
2015-08-20,-0.015177426250534419,-0.1219882787063164,-1,MSFT
2015-08-21,-0.016713696548730228,-0.06037527593818984,-1,MSFT
2015-08-24,-0.10706401766004403,0.03856613102595785,1,MSFT
2015-08-25,0.05228677379480828,0.013508751321508349,1,MSFT
2015-08-26,-0.013038881710325412,0.034753630088074285,1,MSFT
2015-08-27,0.02689835753392056,0.013908205841446487,1,MSFT
2015-08-28,0.007649513212795611,-0.028525419829767706,-1,MSFT
2015-08-31,0.006211180124223725,-0.03429355281207133,-1,MSFT
2015-09-01,-0.034522176497485235,0.02794222116978451,1,MSFT
2015-09-02,0.00023679848448976407,0.013494318181818187,1,MSFT
2015-09-03,0.02769886363636353,-0.0025339783460032123,0,MSFT
2015-09-04,-0.013821700069108322,0.032702639570193835,1,MSFT
2015-09-08,0.011445923849567665,-0.004157043879907615,0,MSFT
2015-09-09,0.02101616628175517,-0.02420266907939381,-1,MSFT
2015-09-10,-0.024655055417326488,0.007189239332096528,0,MSFT
2015-09-11,0.00046382189239335686,0.0011590171534538053,0,MSFT
2015-09-14,0.006722299490032446,0.012433801519686831,1,MSFT
2015-09-15,-0.005526134008749794,0.025468858532067644,1,MSFT
2015-09-16,0.018059736050011654,-0.010689106208778687,-1,MSFT
2015-09-17,0.0072776893336365936,-0.015127568299841987,-1,MSFT
2015-09-18,-0.01783698351772411,-0.0027586206896551137,0,MSFT
2015-09-21,0.002758620689655045,0.0071068317285649316,0,MSFT
2015-09-22,-0.005502063273727487,0.001613646841862616,0,MSFT
2015-09-23,0.012678653757491887,0.012519918051445415,1,MSFT
2015-09-24,-0.010926473935806924,0.008745684695051678,0,MSFT
2015-09-25,0.02370540851553504,-0.02495503597122301,-1,MSFT
2015-09-28,-0.014613309352517924,0.0011407711613051394,0,MSFT
2015-09-29,-0.010495094684006443,0.031819229882407256,1,MSFT
2015-09-30,0.011759280608715894,0.008887876025524169,0,MSFT
2015-10-01,0.019826800364630692,0.02223463687150832,1,MSFT
2015-10-02,-0.010726256983240146,0.04653264061441145,1,MSFT
2015-10-05,0.03331827422633826,0.029620723576347232,1,MSFT
2015-10-06,0.012788282872445043,0.0049643859270451975,0,MSFT
2015-10-07,0.016619900712281588,0.00743099787685778,0,MSFT
2015-10-08,-0.011464968152866241,0.009020618556700914,0,MSFT
2015-10-09,0.019115120274914014,-0.01875658587987356,-1,MSFT
2015-10-12,-0.009905163329820943,-0.0070242656449552646,0,MSFT
2015-10-13,-0.008939974457215727,0.009664948453608156,0,MSFT
2015-10-14,0.0019329896907216426,0.00793140407288327,0,MSFT
2015-10-15,0.007717041800643144,0.00872154860667951,0,MSFT
2015-10-16,0.00021272069772404484,0.008932369204593673,0,MSFT
2015-10-19,0.008507018290089263,0.01054407423028258,1,MSFT
2015-10-20,0.000421762969211148,0.001897133220910696,0,MSFT
2015-10-21,0.010118043844856706,0.09140233722871442,1,MSFT
2015-10-22,-0.008138564273789672,0.10519671786240267,1,MSFT
2015-10-23,0.10035766884073216,0.03231357552581272,1,MSFT
2015-10-26,0.004397705544933128,0.01922710831905574,1,MSFT
2015-10-27,0.027793641728536045,-0.008334876829042468,0,MSFT
2015-10-28,-0.008334876829042437,-0.004109077325364192,0,MSFT
2015-10-29,0.0,-0.012887560702278629,-1,MSFT
2015-10-30,-0.004109077325364141,-0.007314328582145547,0,MSFT
2015-11-02,-0.008814703675918967,0.02516556291390725,1,MSFT
2015-11-03,0.001513718070009329,0.029472888720952245,1,MSFT
2015-11-04,0.0236160967315322,-0.0017534145441121974,0,MSFT
2015-11-05,0.005721668512366218,0.001101119471462565,0,MSFT
2015-11-06,-0.00743255643237295,-0.00027734122215032945,0,MSFT
2015-11-09,0.008597577886659824,-0.015582034830430696,-1,MSFT
2015-11-10,-0.008799266727772648,-0.010911781024597807,-1,MSFT
2015-11-11,-0.006842981320510422,-0.011731843575419041,-1,MSFT
2015-11-12,-0.004096834264432192,-0.0074794315632011705,0,MSFT
2015-11-13,-0.00766641735228113,0.0018843037497644887,0,MSFT
2015-11-16,0.0001884303749764005,-0.0015071590052750244,0,MSFT
2015-11-17,0.0016955538809344528,0.015422230581154791,1,MSFT
2015-11-18,-0.003197291705849148,0.02358490566037736,1,MSFT
2015-11-19,0.018679245283018897,0.004815706612335581,0,MSFT
2015-11-20,0.004815706612335546,-0.006082949308755729,0,MSFT
2015-11-23,0.0,-0.0029493087557603053,0,MSFT
2015-11-24,-0.0060829493087557465,-0.002225519287833912,0,MSFT
2015-11-25,0.0031528189910978717,0.008319467554076459,0,MSFT
2015-11-27,-0.005361434645960506,0.011338289962825269,1,MSFT
2015-11-30,0.013754646840148821,0.014301430143014325,1,MSFT
2015-12-01,-0.002383571690502407,0.019849292409483653,1,MSFT
2015-12-02,0.01672486675243534,-0.021691973969631292,-1,MSFT
2015-12-03,0.003073029645697778,0.0054063795278428035,0,MSFT
2015-12-04,-0.02468913317714916,0.024944567627494484,1,MSFT
2015-12-07,0.03085735402808587,-0.0075282308657465815,0,MSFT
2015-12-08,-0.005735794945330719,-0.0014422210203713412,0,MSFT
2015-12-09,-0.001802776275464213,-0.011919812172656613,-1,MSFT
2015-12-10,0.0003612064294744588,-0.01913702834446655,-1,MSFT
2015-12-11,-0.012276584220978548,0.01736428440870034,1,MSFT
2015-12-14,-0.006945713763480188,0.02227130498803609,1,MSFT
2015-12-15,0.024480029449659442,0.012576356449874287,1,MSFT
2015-12-16,-0.0021559468199784373,0.004141159524666978,0,MSFT
2015-12-17,0.014764133957508196,-0.026259758694109243,-1,MSFT
2015-12-18,-0.010468417317246235,-0.013986013986014005,-1,MSFT
2015-12-21,-0.01595840057378517,0.014941690962099132,1,MSFT
2015-12-22,0.0020043731778425227,0.015821058374249818,1,MSFT
2015-12-23,0.012911438443353296,-0.0062836624775583745,0,MSFT
2015-12-24,0.0028725314183122297,0.007697815968492654,0,MSFT
2015-12-28,-0.009129967776584258,0.02023486901535677,1,MSFT
2015-12-29,0.016982836495031517,-0.0044412861964825,0,MSFT
2015-12-30,0.003197726061467288,-0.038073313263679805,-1,MSFT
2015-12-31,-0.007614662652735916,-0.01980728051391862,-1,MSFT
2016-01-04,-0.03069236259814412,0.0,0,MSFT
2016-01-05,0.011229749631811448,-0.0405971236118696,-1,MSFT
2016-01-06,-0.011105042781722195,-0.03589837997054497,-1,MSFT
2016-01-07,-0.02982326951399117,-0.0036053130929792187,0,MSFT
2016-01-08,-0.0062618595825427725,0.007447011647890024,0,MSFT
2016-01-11,0.002673286232576011,0.02456674919063034,1,MSFT
2016-01-12,0.004760997905160824,-0.014404852160727788,-1,MSFT
2016-01-13,0.019711902956785377,-0.0462825278810408,-1,MSFT
2016-01-14,-0.03345724907063197,-0.01000000000000006,-1,MSFT
2016-01-15,-0.0132692307692307,-0.025920873124147443,-1,MSFT
2016-01-19,0.003313194309101375,-0.009324009324009263,0,MSFT
2016-01-20,-0.029137529137529095,0.02861144457783113,1,MSFT
2016-01-21,0.020408163265306145,0.018431372549019564,1,MSFT
2016-01-22,0.008039215686274527,0.00739155806263378,0,MSFT
2016-01-25,0.010309278350515427,0.0013477088948787115,0,MSFT
2016-01-26,-0.002887947631882937,0.00135161228036301,0,MSFT
2016-01-27,0.004247924309712214,0.0522976350701788,1,MSFT
2016-01-28,-0.0028840607575465467,0.058233706131893624,1,MSFT
2016-01-29,0.05534130350944855,-0.010232048236798744,-1,MSFT
2016-02-01,0.002740727206285598,-0.029701166180758062,-1,MSFT
2016-02-02,-0.012937317784256552,-0.03821303304412037,-1,MSFT
2016-02-03,-0.01698357024183128,-0.024600938967136197,-1,MSFT
2016-02-04,-0.02159624413145533,-0.048944337811900274,-1,MSFT
2016-02-05,-0.003071017274472232,-0.0562187139006545,-1,MSFT
2016-02-08,-0.04601463226800151,0.006861755802220049,0,MSFT
2016-02-09,-0.010696266397578036,-0.00693594451244397,0,MSFT
2016-02-10,0.017747858017135743,0.0072158749248346235,0,MSFT
2016-02-11,-0.024253357386249785,0.04560394412489727,1,MSFT
2016-02-12,0.03225143796220209,0.024676616915422927,1,MSFT
2016-02-16,0.012935323383084452,0.0280943025540275,1,MSFT
2016-02-17,0.011591355599214205,0.009322198485142685,0,MSFT
2016-02-18,0.016313847348999655,-0.0009554748710108381,0,MSFT
2016-02-19,-0.006879419071278425,0.0071194920146239096,0,MSFT
2016-02-22,0.005964979796036164,-0.03041315990818675,-1,MSFT
2016-02-23,0.0011476664116296664,-0.011654566297287094,-1,MSFT
2016-02-24,-0.03152464654184195,0.03768001578220564,1,MSFT
2016-02-25,0.02051686723219559,-0.007345834138797516,0,MSFT
2016-02-26,0.01681809394935252,-0.03098859315589358,-1,MSFT
2016-02-29,-0.02376425855513309,0.020642648490749663,1,MSFT
2016-03-01,-0.00740019474196696,0.039238767902687856,1,MSFT
2016-03-02,0.028251912889935223,-0.0001908032818164093,0,MSFT
2016-03-03,0.010684983781721114,-0.02661884085331313,-1,MSFT
2016-03-04,-0.010760808004530827,-0.030534351145038195,-1,MSFT
2016-03-07,-0.016030534351144987,0.006400310318075994,0,MSFT
2016-03-08,-0.014740108611326684,0.04192913385826777,1,MSFT
2016-03-09,0.02145669291338592,0.021391404894970118,1,MSFT
2016-03-10,0.020042397379071097,-0.004156433024749648,0,MSFT
2016-03-11,0.0013225014169657714,-0.0047169811320754715,0,MSFT
2016-03-14,-0.005471698113207579,0.01403908176816547,1,MSFT
2016-03-15,0.0007588692847657619,0.027677725118483428,1,MSFT
2016-03-16,0.013270142180094924,0.027502338634237584,1,MSFT
2016-03-17,0.014218896164639894,-0.017708909795240747,-1,MSFT
2016-03-18,0.013097214536063495,-0.023852876911871854,-1,MSFT
2016-03-21,-0.03040786598689005,0.016150234741784026,1,MSFT
2016-03-22,0.006760563380281637,0.004290244357396083,0,MSFT
2016-03-23,0.009326618168252088,0.0018480872297172689,0,MSFT
2016-03-24,-0.004989835520236463,-0.003343239227340394,0,MSFT
2016-03-28,0.006872213967310525,0.013281682346430526,1,MSFT
2016-03-29,-0.01014572957019011,0.024040253447633362,1,MSFT
2016-03-30,0.023667536339918138,0.0021845985800108764,0,MSFT
2016-03-31,0.00036409976333517946,0.008735213830755175,0,MSFT
2016-04-01,0.0018198362147405773,0.002543142597638521,0,MSFT
2016-04-04,0.006902815622161772,-0.019303626195201158,-1,MSFT
2016-04-05,-0.004329785314811541,-0.0057981518391012924,0,MSFT
2016-04-06,-0.01503895633266894,0.00570272259013985,0,MSFT
2016-04-07,0.009381898454746018,-0.006925460178603891,0,MSFT
2016-04-08,-0.0036449790413704,-0.005487470276202749,0,MSFT
2016-04-11,-0.003292482165721644,0.01156175445035778,1,MSFT
2016-04-12,-0.002202238942925372,0.01563362148243519,1,MSFT
2016-04-13,0.013794371896266313,0.0032656023222060906,0,MSFT
2016-04-14,0.0018142235123368433,0.00488953277797905,0,MSFT
2016-04-15,0.0014487504527345152,0.024050632911392502,1,MSFT
2016-04-18,0.003435804701627632,0.01441701207424756,1,MSFT
2016-04-19,0.020544242205802858,-0.014656542468656284,-1,MSFT
2016-04-20,-0.006003884866678465,-0.07781133416237347,-1,MSFT
2016-04-21,-0.008704920945105776,-0.07204301075268811,-1,MSFT
2016-04-22,-0.06971326164874557,0.006742438836447726,0,MSFT
2016-04-25,-0.0025043344249662267,-0.0057937427578216355,0,MSFT
2016-04-26,0.009269988412514474,-0.031381553769613484,-1,MSFT
2016-04-27,-0.0149253731343284,-0.041375291375291286,-1,MSFT
2016-04-28,-0.016705516705516676,-0.012248123271434166,-1,MSFT
2016-04-29,-0.02508889766890554,0.02006079027355627,1,MSFT
2016-05-02,0.01317122593718345,-0.003199999999999932,0,MSFT
2016-05-03,0.006800000000000139,-0.009336511720302063,0,MSFT
2016-05-04,-0.009932459276916994,0.0016051364365970765,0,MSFT
2016-05-05,0.0006019261637237872,0.01243232404251062,1,MSFT
2016-05-06,0.0010026067776218726,0.008213141025640957,0,MSFT
2016-05-09,0.011418269230769162,0.012675777381659743,1,MSFT
2016-05-10,-0.003168944345415037,0.017285912974369256,1,MSFT
2016-05-11,0.015895092390224574,0.006062976725992473,0,MSFT
2016-05-12,0.001369059260708072,-0.007812500000000111,0,MSFT
2016-05-13,0.004687499999999957,0.0054432348367029785,0,MSFT
2016-05-16,-0.01244167962674958,-0.006299212598425203,0,MSFT
2016-05-17,0.018110236220472583,-0.024168600154679042,-1,MSFT
2016-05-18,-0.023975251353441696,0.0,0,MSFT
2016-05-19,-0.00019809825673533507,0.0025757875965920856,0,MSFT
2016-05-20,0.00019813750743002959,0.004358161648177614,0,MSFT
2016-05-23,0.002377179080824243,0.026086956521739136,1,MSFT
2016-05-24,0.0019762845849802253,0.024260355029585737,1,MSFT
2016-05-25,0.02406311637080872,0.0,0,MSFT
2016-05-26,0.0001926040061632772,0.006354708261120706,0,MSFT
2016-05-27,-0.0001925669170036448,0.010015408320492991,1,MSFT
2016-05-31,0.00654853620955298,0.007271335629544635,0,MSFT
2016-06-01,0.003444316877152742,-0.0011441647597253085,0,MSFT
2016-06-02,0.0038138825324181,-0.012348024316109395,-1,MSFT
2016-06-03,-0.004939209726443683,-0.002672775868652168,0,MSFT
2016-06-06,-0.007445589919816698,0.0005770340450086774,0,MSFT
2016-06-07,0.0048086170417387395,-0.004594180704441079,0,MSFT
2016-06-08,-0.004211332312404226,-0.01864667435601703,-1,MSFT
2016-06-09,-0.00038446751249521233,-0.04653846153846157,-1,MSFT
2016-06-10,-0.01826923076923081,-0.0225269343780607,-1,MSFT
2016-06-13,-0.028795298726738475,0.0040338846308996135,0,MSFT
2016-06-14,0.006454215409439357,-0.007615230460921753,0,MSFT
2016-06-15,-0.0024048096192383905,0.01265568501406178,1,MSFT
2016-06-16,-0.005222981116914438,0.022617124394184115,1,MSFT
2016-06-17,0.017972536348949797,-0.004165840111088946,0,MSFT
2016-06-20,0.004562586788335654,0.008688783570300113,0,MSFT
2016-06-21,-0.008688783570300118,0.021513944223107536,1,MSFT
2016-06-22,0.017529880478087456,-0.024862960062646752,-1,MSFT
2016-06-23,0.003915426781519349,-0.04251170046801872,-1,MSFT
2016-06-24,-0.02866614664586586,-0.01786789801244731,-1,MSFT
2016-06-27,-0.014254165830154597,0.0164969450101832,1,MSFT
2016-06-28,-0.0036659877800406795,0.036794766966475816,1,MSFT
2016-06-29,0.02023712183156157,0.02444399919855753,1,MSFT
2016-06-30,0.016229212582648866,0.0021687697160883168,0,MSFT
2016-07-01,0.008083596214511156,-0.0068452963035400246,0,MSFT
2016-07-05,-0.005867396831605753,0.011607318512689424,1,MSFT
2016-07-06,-0.0009836710603973176,0.01870815281606924,1,MSFT
2016-07-07,0.012603387160299295,0.021003500583430538,1,MSFT
2016-07-08,0.006028782574873493,0.023390682389329228,1,MSFT
2016-07-11,0.014884979702300516,0.020190476190476238,1,MSFT
2016-07-12,0.008380952380952378,0.017000377786173134,1,MSFT
2016-07-13,0.011711371363808176,0.007281553398058262,0,MSFT
2016-07-14,0.00522778192681117,-0.0026002971768202183,0,MSFT
2016-07-15,0.0020430906389301558,-0.0044485634847081,0,MSFT
2016-07-18,-0.004633920296570948,0.04562383612662934,1,MSFT
2016-07-19,0.00018621973929233704,0.04226401042636373,1,MSFT
2016-07-20,0.04542915658164204,-0.0012466607301870045,0,MSFT
2016-07-21,-0.0030276046304541504,0.008753126116470203,0,MSFT
2016-07-22,0.001786352268667413,0.007845934379458006,0,MSFT
2016-07-25,0.006954350927246722,0.0024791924915884642,0,MSFT
2016-07-26,0.0008854258898531864,-0.009200283085633459,0,MSFT
2016-07-27,0.0015923566878979225,-0.006182653241476796,0,MSFT
2016-07-28,-0.010775481363716644,0.01071428571428574,1,MSFT
2016-07-29,0.004642857142857171,0.010487024528972688,1,MSFT
2016-08-01,0.006043370067543519,0.0014134275618374256,0,MSFT
2016-08-02,0.004416961130742081,-0.0008795074758136194,0,MSFT
2016-08-03,-0.002990325417766116,0.017113620324629483,1,MSFT
2016-08-04,0.0021171489061397875,0.022095070422535255,1,MSFT
2016-08-05,0.014964788732394485,0.009019947961838736,0,MSFT
2016-08-08,0.007025151777970473,0.0018086297476530336,0,MSFT
2016-08-09,0.001980880199810464,-0.002406738868832741,0,MSFT
2016-08-10,-0.00017190991920246201,-0.002235213204951779,0,MSFT
2016-08-11,-0.0022352132049517914,-0.0003446493193176482,0,MSFT
2016-08-12,0.0,-0.007237635705669511,0,MSFT
2016-08-15,-0.00034464931931765813,-0.008102051370453351,0,MSFT
2016-08-16,-0.006895362868470922,-0.003298038534976527,0,MSFT
2016-08-17,-0.0012150668286755595,-0.0019117135905456972,0,MSFT
2016-08-18,-0.002085505735140769,0.0031347962382445088,0,MSFT
2016-08-19,0.0001741553465690604,0.008183876022984484,0,MSFT
2016-08-22,0.0029601253700157763,0.0034722222222221483,0,MSFT
2016-08-23,0.005208333333333259,-0.0003454231433505358,0,MSFT
2016-08-24,-0.0017271157167529914,0.008304498269896264,0,MSFT
2016-08-25,0.0013840830449827206,0.005183137525915638,0,MSFT
2016-08-26,0.006910850034554272,-0.005147563486616408,0,MSFT
2016-08-29,-0.0017158544955387929,-0.009109659676864921,0,MSFT
2016-08-30,-0.0034376074252321365,-0.016729906864435994,-1,MSFT
2016-08-31,-0.0056916177992411,0.0003469210754553882,0,MSFT
2016-09-01,-0.011101474414570656,0.013506402385546451,1,MSFT
2016-09-02,0.011576916330468423,-0.0034680076296168343,0,MSFT
2016-09-06,0.0019074041962892085,-0.0025960539979231322,0,MSFT
2016-09-07,-0.005365178262374593,-0.011832260309726807,-1,MSFT
2016-09-08,0.0027840612493474914,-0.028283879923650918,-1,MSFT
2016-09-09,-0.01457574180114529,-0.005106532840288769,0,MSFT
2016-09-12,-0.013910899806303887,0.006964285714285724,0,MSFT
2016-09-13,0.008928571428571397,-0.006194690265486751,0,MSFT
2016-09-14,-0.0019469026548673,0.0219897144883845,1,MSFT
2016-09-15,-0.004256073771945368,0.01994657168299207,1,MSFT
2016-09-16,0.02635796972395377,-0.0048585806003817655,0,MSFT
2016-09-19,-0.006246746486205046,0.004190675746464027,0,MSFT
2016-09-20,0.0013968919154880854,0.009938971229293814,0,MSFT
2016-09-21,0.002789886660854446,0.006259780907668222,0,MSFT
2016-09-22,0.007129194922622206,-0.014502762430939285,-1,MSFT
2016-09-23,-0.0008632596685083094,-0.016243303957145287,-1,MSFT
2016-09-26,-0.013651287368239172,0.014015416958654594,1,MSFT
2016-09-27,-0.002627890679747669,0.015457579483576369,1,MSFT
2016-09-28,0.01668715966976997,-0.005355908776779583,0,MSFT
2016-09-29,-0.0012093987560469757,-0.00700570835495591,0,MSFT
2016-09-30,-0.004151530877010923,-0.0052110474205314785,0,MSFT
2016-10-03,-0.002866076081292301,-0.002003309816218134,0,MSFT
2016-10-04,-0.002351711523386424,0.008206740003492209,0,MSFT
2016-10-05,0.0003492229788719658,0.009774829813230973,0,MSFT
2016-10-06,0.00785477395706069,0.002944232767578708,0,MSFT
2016-10-07,0.0019050917907863507,0.0006914433880725867,0,MSFT
2016-10-10,0.0010371650821088263,-0.01381453980314276,-1,MSFT
2016-10-11,-0.00034536349507852115,-0.02055622732769041,-1,MSFT
2016-10-12,-0.013473829676973637,0.00017510068289262846,0,MSFT
2016-10-13,-0.0071791279985991,0.01164021164021158,1,MSFT
2016-10-14,0.007407407407407306,0.0071778711484594485,0,MSFT
2016-10-17,0.004201680672268893,0.0019177126917712594,0,MSFT
2016-10-18,0.002963737796373822,-0.0005214670606640212,0,MSFT
2016-10-19,-0.0010429341213280539,0.048895075691665256,1,MSFT
2016-10-20,0.0005220114842525714,0.04243478260869561,1,MSFT
2016-10-21,0.048347826086956536,0.009455872594558731,0,MSFT
2016-10-24,-0.0056403450564035396,0.01451451451451459,1,MSFT
2016-10-25,0.015181848515182006,-0.003944124897288447,0,MSFT
2016-10-26,-0.0006573541495480395,-0.013155730965301829,-1,MSFT
2016-10-27,-0.003288932741325468,-0.007424517406368633,0,MSFT
2016-10-28,-0.009899356541824831,-0.000666555574070974,0,MSFT
2016-10-31,0.002499583402766125,-0.00565159574468079,0,MSFT
2016-11-01,-0.003158244680851019,-0.007337001834250421,0,MSFT
2016-11-02,-0.00250125062531259,-0.019558676028084282,-1,MSFT
2016-11-03,-0.00484787696422595,0.004199563245422476,0,MSFT
2016-11-04,-0.014782462623887159,0.03239556692242112,1,MSFT
2016-11-07,0.019266837169650497,0.003680160588825675,0,MSFT
2016-11-08,0.012880562060889831,-0.0011560693641618546,0,MSFT
2016-11-09,-0.009083402146985886,-0.02950000000000005,-1,MSFT
2016-11-10,0.008000000000000007,-0.024140211640211538,-1,MSFT
2016-11-11,-0.03720238095238093,0.0017173278378842765,0,MSFT
2016-11-14,0.013566889919285785,-0.001355472721111579,0,MSFT
2016-11-15,-0.011690952219586714,0.035659180524601375,1,MSFT
2016-11-16,0.010457740442310959,0.031218187987784245,1,MSFT
2016-11-17,0.024940617577197118,0.0014898195662970274,0,MSFT
2016-11-18,0.00612481377255425,0.003290556103981503,0,MSFT
2016-11-21,-0.004606778545574231,0.008429752066115669,0,MSFT
2016-11-22,0.007933884297520509,-0.011151197113807802,-1,MSFT
2016-11-23,0.0004919645785503857,-0.010981806261268556,-1,MSFT
2016-11-25,-0.01163743648582205,0.005804311774461052,0,MSFT
2016-11-28,0.0006633499170813906,0.008617832283725488,0,MSFT
2016-11-29,0.00513755386145176,-0.00890354492992579,0,MSFT
2016-11-30,0.003462489694971093,-0.029247453171212637,-1,MSFT
2016-12-01,-0.012323365100230022,-0.006820828481117894,0,MSFT
2016-12-02,-0.017135252037930426,0.022850372376438752,1,MSFT
2016-12-05,0.010494245091401622,0.005192629815745311,0,MSFT
2016-12-06,0.012227805695142369,0.014396822770147238,1,MSFT
2016-12-07,-0.0069501903028297285,0.019496750541576437,1,MSFT
2016-12-08,0.021496417263789255,0.008482871125611795,0,MSFT
2016-12-09,-0.001957585644371873,0.021575678326250413,1,MSFT
2016-12-12,0.010460934946060707,0.01908767389194435,1,MSFT
2016-12-13,0.01099967648010347,0.0032000000000000453,0,MSFT
2016-12-14,0.008000000000000007,-0.0007936507936507485,0,MSFT
2016-12-15,-0.004761904761904745,-0.0022328548644338212,0,MSFT
2016-12-16,0.0039872408293459855,0.011755361397934786,1,MSFT
2016-12-19,-0.00619539316918194,0.013906649616368243,1,MSFT
2016-12-20,0.0180626598465472,0.0023551577955723928,0,MSFT
2016-12-21,-0.004082273512325263,0.0003153082137790183,0,MSFT
2016-12-22,0.006463818382469011,-0.009868421052631618,0,MSFT
2016-12-23,-0.0061090225563910075,-0.0007880220646178765,0,MSFT
2016-12-27,-0.0037825059101654897,-0.005537098560354396,0,MSFT
2016-12-28,0.003005853504192357,-0.006940063091482614,0,MSFT
2016-12-29,-0.008517350157728698,-0.0011135857461024544,0,MSFT
2016-12-30,0.0015908367801464873,-0.00762388818297338,0,MSFT
