Date,BarackObama_sentiment_score,BarackObama_heuristic_score,cnnbrk_sentiment_score,cnnbrk_heuristic_score,KimKardashian_sentiment_score,KimKardashian_heuristic_score,Trump_sentiment_score,Trump_heuristic_score
2015-01-02,-0.4289000000000001,-3.1453478184179957,,,,,31.0612,106.79435688154727
2015-01-05,1.2205,9.206268355176872,,,,,49.64619999999999,177.61654432828564
2015-01-06,0.6436,7.880455039926781,,,4.0653,37.65222065899169,37.938499999999976,114.10738957570305
2015-01-07,5.6336,40.11280449114829,,,0.9154,8.877280694641097,3.2739000000000016,2.292712064225713
2015-01-08,1.1121,9.476566682366242,,,1.715,16.294419258250606,4.9556,12.653773664803689
2015-01-09,-0.22980000000000014,-2.7329492437762477,,,4.6103999999999985,34.42816335283375,28.4186,91.22720291628583
2015-01-12,0.1211,2.026134653738164,,,0.6965999999999999,4.554270172230494,2.3203000000000005,8.019003516584924
2015-01-13,-0.0762,-0.5106893798893936,,,,,7.5459,27.590275534430102
2015-01-14,1.1174,8.13976901234969,,,,,0.1829,-1.235577681845523
2015-01-15,0.3182,2.089067313465252,,,,,15.217799999999995,53.298784112209894
2015-01-16,2.075,17.51705706637999,,,,,12.907499999999995,47.594446361325026
2015-01-20,0.09330000000000004,0.7895856989019179,,,,,31.54959999999999,114.71826529616985
2015-01-21,11.933600000000006,94.49742245712727,,,,,5.1953999999999985,21.168174128428078
2015-01-22,0.4828,3.5829732072947484,,,,,4.5609,19.031703678813038
2015-01-23,0.841,7.210760671429343,,,,,24.16640000000001,95.86117593570008
2015-01-26,0.5176000000000001,3.8686893001285267,,,,,2.8035,9.673610739722273
2015-01-27,0.0,0.0,,,,,21.61799999999999,77.10361486532008
2015-01-28,0.4588,3.357745944882953,,,,,9.5853,38.67437242727069
2015-01-29,0.1531,1.1303936633045342,,,,,3.3033,12.800461995438026
2015-01-30,1.2967,9.628956537849174,,,,,18.032100000000003,75.62100166623654
2015-02-02,0.5900000000000001,4.512303849562015,,,,,2.08,9.59746586664338
2015-02-03,-0.3182,-2.5680628644119365,,,,,24.34470000000001,101.53307823184862
2015-02-04,0.3612,2.9129466950496488,,,,,3.651,14.951438691800316
2015-02-05,1.0067,7.64044462580254,,,,,3.5901000000000005,15.577461676874275
2015-02-06,7.0192999999999985,52.17973845690432,,,3.7561,28.76663122500902,2.4439,12.907953240946519
2015-02-09,-0.6491,-4.8956476096194255,,,1.5318,14.440412199562994,7.9375,27.53856648343191
2015-02-10,-0.6597,-5.3016959474030045,,,0.9567,7.945493973515578,27.79949999999999,102.8592737023056
2015-02-11,0.2227,0.8516889972051223,,,2.2419,18.023888457453687,4.1465999999999985,16.353201742574846
2015-02-12,0.3182,2.609156937272716,,,0.8757,7.5846947489410175,6.1797,27.752484367413203
2015-02-13,3.6336,26.86636872513359,,,,,17.1966,68.34427700442306
2015-02-17,,,,,,,8.151,32.17788827994712
2015-02-18,0.31969999999999993,2.294149245040126,,,,,6.7734,24.616179616319307
2015-02-19,1.651,12.004655158506644,,,,,2.7370999999999994,8.927547184380089
2015-02-20,-0.2467,-1.6764106735982485,,,,,9.8004,42.35382860659142
2015-02-23,0.6309,3.985804766209183,,,,,3.3143,4.373883335467545
2015-02-24,-0.2267,-1.5821296326042062,,,,,1.7614,10.409727588151128
2015-02-25,-0.2924,-2.0474485381926817,,,,,1.1884,0.7858320211561245
2015-02-26,0.9499,8.092166060061581,,,,,0.0,0.0
2015-02-27,2.0506,16.035207441290158,,,,,0.4812999999999999,2.094103004713399
2015-03-02,,,,,,,2.1289,10.823550465183839
2015-03-03,0.4019,2.8735515764414945,,,,,3.4294,16.790412442979864
2015-03-04,2.9108,21.30843578053107,,,,,1.6253,7.097466657071244
2015-03-05,,,,,,,5.8279000000000005,22.217872096532105
2015-03-06,3.1710000000000003,26.44412144301602,,,0.9842,8.937281418507336,7.063,26.565099376406735
2015-03-09,0.06520000000000004,0.4400264465293469,,,0.0,0.0,8.0106,32.02673928173196
2015-03-10,0.14940000000000006,3.0693213984107217,,,1.7623,12.150355511322038,5.8771,23.66929977457693
2015-03-11,-0.4939,-3.4483775370475405,,,2.1147,20.56772752412077,10.0795,37.46701462219559
2015-03-12,,,,,4.1551,33.115236727156876,3.4169000000000005,10.297414899920398
2015-03-13,-0.3612,-2.814596431389629,,,,,2.3202,10.359333437432301
2015-03-16,1.0505,7.9221670624507,,,,,7.514399999999998,29.000479864696544
2015-03-17,0.5719,5.128661444599475,,,,,4.1108,17.54980390236065
2015-03-18,3.7117,27.50415974770499,,,,,6.415799999999999,24.929629517221922
2015-03-19,-0.4511,-3.5049144995677937,,,,,6.2620000000000005,24.829811030467692
2015-03-20,0.2155,1.5693908415866005,,,,,6.956499999999999,31.008511326800278
2015-03-23,2.4243,18.03684789456879,,,,,11.775999999999998,43.33067748836795
2015-03-24,0.862,6.605143094439911,,,,,18.4776,69.26576918598758
2015-03-25,1.0345,7.125524979774247,,,,,8.910500000000003,33.773138486555986
2015-03-26,2.4739,18.68841714327987,,,,,4.086900000000002,15.650311496241061
2015-03-27,1.0545,7.5570357414597025,,,,,2.2399000000000004,5.5427310269891406
2015-03-30,1.0579,7.9256486713462975,,,,,1.8262000000000005,6.09983584703684
2015-03-31,0.4199,3.2032145513988657,,,,,8.911200000000003,40.12154580791658
2015-04-01,0.8176,7.458906680875557,,,,,22.954699999999995,79.04469784340516
2015-04-02,0.6715,4.8626795099973625,,,,,5.409500000000001,23.78745373964221
2015-04-06,0.0772,0.61491330803526,,,,,4.3467,15.990415915718405
2015-04-07,1.3369,12.263215524682956,,,2.0502,20.868148357183877,7.918299999999999,28.14728580463873
2015-04-08,2.7756,23.832733320041818,,,6.0737999999999985,51.23404371630209,4.4903,17.05355101498659
2015-04-09,1.5531,12.708212920852757,,,-0.1737,-1.5756063658914723,4.6585,19.204587577304935
2015-04-10,1.5213,10.974215625096333,,,4.084199999999999,31.615842519171828,43.0564,165.69713229487581
2015-04-13,-0.2732,-2.1461348060065597,,,,,6.082999999999999,21.519832004356214
2015-04-14,0.4939,4.438096929906682,,,,,1.8123,6.851041629195563
2015-04-15,0.3823,2.9292163311939268,,,,,7.9742000000000015,30.504229414621115
2015-04-16,3.2345,24.88777777205008,,,,,11.089699999999995,41.39842452291735
2015-04-17,0.5072999999999999,3.2550801544348773,,,,,27.8359,104.64491212140301
2015-04-20,2.2193,16.886563581471332,,,,,11.2606,36.454982862546636
2015-04-21,0.9006,6.366513804355322,,,,,5.314399999999999,15.449988376312186
2015-04-22,0.03290000000000004,1.2108855548139204,,,,,10.3548,39.39551885744902
2015-04-23,4.2876,30.316271310699353,,,,,11.6596,44.793712609026855
2015-04-24,2.2619,16.674773564115036,,,,,22.9468,83.03927645560205
2015-04-27,2.2071,16.873001350508368,,,,,7.936300000000001,26.948662965931486
2015-04-28,,,,,,,-1.5773,-10.843497852605672
2015-04-29,1.9282,13.893381430455882,,,,,2.9978,10.25757613346815
2015-04-30,0.4646,3.238882407900268,,,,,5.1282000000000005,17.658864944581897
2015-05-01,0.7136,5.065455322120352,,,,,21.8213,73.75918956818249
2015-05-04,,,,,,,7.7121,30.52973511545373
2015-05-05,0.4639,3.3974397173057347,,,,,9.6495,27.27273649056657
2015-05-06,1.8880000000000001,14.454626526031523,,,0.8929,8.106721323023507,10.8981,43.648367874249885
2015-05-07,0.7345,7.028476933277413,,,3.1793000000000005,26.24950095039105,2.0881000000000003,8.974504514098534
2015-05-08,4.578200000000002,30.372810002744647,,,0.5481,5.046228612770112,14.2751,60.98113045124722
2015-05-11,0.2023,1.391485444535335,,,2.7665,24.62847921409669,4.1987,13.471597472486794
2015-05-12,-0.3916,-2.9733265698662072,,,0.6486,7.028450365739227,3.5783,16.069471479264614
2015-05-13,1.4633,10.59413153118343,,,,,1.5456,-5.150516025581968
2015-05-14,1.082,8.574275288728586,,,,,2.0778,8.882558757678838
2015-05-15,1.6076,11.27834063179892,,,,,13.976399999999998,61.51000233169593
2015-05-18,0.24920000000000006,2.649616440695634,,,,,7.705500000000002,29.67724560069004
2015-05-19,0.9321,7.302723088035657,,,,,10.7111,49.89630858991657
2015-05-20,-1.3925999999999998,-9.754692094376573,,,,,10.006,35.98080225717671
2015-05-21,2.3139,17.95594985024525,,,,,18.4979,70.27419820427737
2015-05-22,1.3287,10.208159461083026,,,3.3127000000000004,31.095783262128982,13.840600000000002,61.8014612914895
2015-05-26,0.552,3.9964427904089,,,1.7048,16.919130008843553,11.3496,45.484295045315285
2015-05-27,0.4019,3.0050904962169462,,,0.5574,4.763526461009958,14.731,61.61055968855664
2015-05-28,1.0757,8.068909897674715,,,3.0611,23.847606741491532,11.3466,44.7861630353686
2015-05-29,2.5328,19.787653361374268,,,4.647900000000001,38.559187689663,6.064999999999999,18.446917705958857
2015-06-01,0.3749,2.709105757886742,,,,,4.4002,18.091225751485556
2015-06-02,3.6642,26.909024548949372,,,,,5.2441,17.154384179363227
2015-06-03,1.2902999999999998,9.404608294672043,,,,,2.3072000000000004,10.594562453094133
2015-06-04,0.8900999999999999,7.398078141438563,,,,,5.4612,25.3706868524768
2015-06-05,0.9179,7.690595380732923,,,1.8321,15.474868633020352,18.481499999999997,73.9093007216114
2015-06-08,1.4503,11.990048121190199,,,1.7862999999999998,14.724873903809474,0.6005,2.8060337150943746
2015-06-09,,,,,,,3.3989999999999996,14.384719024813812
2015-06-10,1.1733,8.274170119154821,,,0.6684,5.393584928790581,0.0,0.0
2015-06-11,-2.0573,-15.149374997329069,,,1.5959999999999999,14.30909297023592,3.848100000000001,14.806840134492896
2015-06-12,1.7098,12.874072331733188,,,2.3726000000000003,17.61882245442726,22.602300000000003,97.31610994807262
2015-06-15,0.9308,6.494707503904519,,,1.6569999999999998,15.302696378721087,3.2731,13.481199543573375
2015-06-16,1.3513,9.907328785083838,,,0.5791999999999999,6.0334243626941415,10.1095,50.959473154391524
2015-06-17,-0.5782999999999999,-4.45622254408632,,,2.5272,22.830337593118873,4.534000000000002,27.42880089590405
2015-06-18,0.0,0.0,,,0.3612,3.597538418686436,1.3812000000000002,6.1794699015194094
2015-06-19,1.2263000000000002,9.410476649979062,,,3.6336,34.164138378811685,10.483399999999998,58.23122239928888
2015-06-22,0.6486999999999999,4.7816658785920705,,,1.5473,16.697853359549,14.261599999999998,74.74153882304452
2015-06-23,0.6864000000000001,5.038013326368607,,,2.7222,23.769782122621287,4.048,23.423466282074102
2015-06-24,0.5078,3.3275700478358448,,,4.3487,36.401454251667474,4.8602,26.74334420820362
2015-06-25,2.9625,22.347872756167387,,,1.7493,13.567165639010724,3.813900000000001,22.40789253742785
2015-06-26,3.0194999999999994,26.441777350623564,,,6.1959,56.440776331835174,8.924300000000002,50.876302912173536
2015-06-29,-1.8229,-15.395094974432027,,,0.4199,3.378073266134481,4.2151,23.129616216369573
2015-06-30,1.2286,9.35139635861614,,,2.9228,25.12682166192539,3.325,17.077776525951528
2015-07-01,2.3033,16.436322720326753,,,,,-0.4336,-4.255678689255886
2015-07-02,0.4215,3.0182965496590017,,,,,9.7407,58.61488598584374
2015-07-06,,,,,0.7274,4.7897772588213705,4.4987,29.24039255690502
2015-07-07,1.3154,9.462993731915978,,,2.1811000000000003,18.29601663813216,3.783,27.825459715378862
2015-07-08,0.9241,7.232419239922383,,,1.2544,12.558974246032266,3.3699999999999988,20.569025591763374
2015-07-09,0.6315,5.063592423757304,,,0.636,6.4913192887190165,1.8716,14.083243629079194
2015-07-10,-1.3734,-11.264150949395116,,,2.2216,18.763049476885925,5.103,38.810360900949675
2015-07-13,0.3612,2.43382068104806,,,2.7635,23.777619966918174,1.5061000000000004,8.728149708947585
2015-07-14,0.9189,8.214641294689002,,,2.3115,20.285193254986503,5.2686,36.33152107086379
2015-07-15,0.4263,3.0420705303172424,,,,,1.2528,8.549096056777701
2015-07-16,0.0,0.0,,,0.9285,7.9784678130206155,2.8489000000000004,15.979038935286631
2015-07-17,0.16089999999999993,1.0417578780884038,,,3.3048,26.831121170263945,6.524599999999998,50.31235217114782
2015-07-20,1.605,11.869992663511994,,,2.1375,18.42046903743397,4.9393,31.02248484216895
2015-07-21,0.7827,5.645139778691042,,,2.2133,20.231539439132824,8.5762,59.42929300184346
2015-07-22,0.4404,3.1600856698801074,,,2.6837,20.127691654908798,6.1849,44.468310260734356
2015-07-23,1.1042,8.456185243011964,,,2.2161,18.677318323958843,8.821200000000003,60.208759132571785
2015-07-24,1.7180000000000002,12.68233441734634,,,10.293399999999998,96.46198674540905,11.671499999999998,81.50424551626199
2015-07-27,0.9301,6.955049055429788,,,-0.752,-7.797776823461031,12.0387,81.70450194405187
2015-07-28,1.25,9.434321912059772,,,0.6077,6.202166698166428,4.326800000000001,30.263236418812447
2015-07-29,0.3612,2.7616903480567547,,,1.9995,14.645138224648676,1.8200000000000005,13.098024617337215
2015-07-30,1.1949,10.359229195950288,,,0.9768,8.686640384764098,4.0116,29.61172912008059
2015-07-31,-0.2314,-1.1406138975325248,,,-0.128,-1.1813327521557466,2.4496,19.972256857690102
2015-08-03,0.0,0.0,,,,,10.5604,65.76003846233846
2015-08-04,-0.3243999999999999,-2.5850162470992,,,,,6.9379,48.90573644404463
2015-08-05,3.1446,22.59617781653694,,,,,3.0367999999999995,20.310180246570184
2015-08-06,1.2574999999999998,11.390022742353684,,,6.9585,63.753795950791684,2.9786,23.444808072014872
2015-08-07,1.2903999999999998,10.227988744621848,,,1.8093,17.621115511071068,15.903400000000005,120.99481745097813
2015-08-10,-2.9801,-23.346980184420932,,,0.0,0.0,4.7336,37.23449724849044
2015-08-11,,,,,1.8727,15.759566650711491,1.3758,9.35156811385366
2015-08-12,0.022799999999999987,0.10447354041146363,,,-0.3254,-3.0038392644453724,0.0,0.0
2015-08-13,-0.1511999999999999,-1.3328552780827532,,,3.0315,27.4184271433342,0.1998,1.8113082583735656
2015-08-14,0.1633,1.1836478260775638,,,0.7417,6.239221099521369,4.5383,37.98456734856027
2015-08-17,0.7579,5.581590182104351,,,0.0,0.0,2.7364,20.955440190614738
2015-08-18,0.7184,5.479627890126941,,,0.6124,5.947792012288768,2.8229,21.416045322876762
2015-08-19,0.5657000000000001,5.3350498493681435,,,0.4404,4.14951037742812,1.7222,13.973057711550148
2015-08-20,0.7129000000000001,5.285066697215154,,,0.7308,5.76954187578436,3.307,27.788845619428965
2015-08-21,0.4131,2.9302417222275716,,,3.2543,30.702794959093264,4.6481,37.80367990447038
2015-08-24,1.7209999999999999,12.4336256502721,,,1.0584,9.833923032739124,1.1089,7.58130108542468
2015-08-25,1.3811,10.315427203767866,,,1.6042,15.134162744704465,6.572599999999999,54.331066550312
2015-08-26,-0.3302,-2.7686595969569763,,,0.7067,6.524879360541707,3.4857,27.8019199875739
2015-08-27,1.261,9.17117974509441,,,0.6114,5.134098761846287,1.9736,15.402081205328546
2015-08-28,-0.10399999999999998,-1.574774026154886,,,0.35750000000000004,3.5048079010565085,7.7109,62.50359024446551
2015-08-31,0.6808,4.617316351729423,,,2.0094000000000003,18.686253758508553,3.2954000000000003,26.152483434592234
2015-09-01,0.7398,6.04422722096324,,,,,0.5845000000000001,5.380375223902083
2015-09-02,-0.4365000000000001,-4.504852078930549,,,,,1.5357000000000005,12.12114336044056
2015-09-03,0.0,0.0,,,,,0.3785,3.8456560545411262
2015-09-04,4.5968,33.631491696946,,,2.6719999999999997,23.876620838045177,5.3263,42.701704650338705
2015-09-08,,,,,-0.14550000000000002,-1.1495017734437063,4.3831,35.00833427336771
2015-09-09,1.2301,9.041486521861811,,,,,-0.5234,-4.8108846394236915
2015-09-10,0.4939,3.8640987252393835,,,0.0,0.0,2.3747,19.339338180809477
2015-09-11,1.226,8.857069163075316,,,5.8309,47.8942992859865,23.0495,172.78823428475002
2015-09-14,0.0,0.0,,,5.2936000000000005,36.4333826823,4.219800000000001,32.89006856144434
2015-09-15,-0.5859,-4.27853265466184,,,5.189400000000001,41.564313211503894,5.618700000000001,45.671405578822004
2015-09-16,-0.6518999999999999,-5.1908983248267315,,,0.2972,1.7012495244156485,4.784,40.57093425055027
2015-09-17,1.2497,9.704680798396335,,,-0.3404,-2.847991604279584,3.3677,28.265473318291868
2015-09-18,0.3102000000000001,2.553643908535283,,,7.031100000000001,56.68789337331507,5.0467,41.383224140656345
2015-09-21,0.3377,3.1528711100280065,,,5.136899999999999,36.96913896097956,3.3083,24.738315872338447
2015-09-22,0.6317999999999999,4.5564208496791885,,,3.7035999999999993,22.673532903254763,-0.41649999999999976,-3.224325194677661
2015-09-23,2.6223,20.02016432755633,,,0.8398,6.7081102171226705,0.9508,6.501036620990393
2015-09-24,0.6487,4.809917240114507,,,3.0253,21.51724246720439,-0.6769000000000001,-3.640919387380324
2015-09-25,0.3356,2.3708062806702097,,,3.4757000000000007,25.943581737042035,4.7375,38.562133622073496
2015-09-28,0.2095999999999999,1.2703628352116496,,,3.072,21.637685695245906,5.605,44.37752080685979
2015-09-29,0.3533,2.5626081113981005,,,2.2189,16.126923749742822,2.0672,16.761630704232335
2015-09-30,1.7802,13.319821424047651,,,1.4891,12.3652836318732,1.8109,13.505260394719864
2015-10-01,0.4987,3.6513729596665936,,,,,4.5009,33.83785886969016
2015-10-02,5.4898,42.41428351774261,,,,,18.731300000000008,140.9213840646208
2015-10-05,,,,,,,2.6946,21.407295340618166
2015-10-06,0.7269,5.1949886972441215,,,0.7185,6.125227570476564,9.3062,68.56046568848764
2015-10-07,0.0,0.2985661129964319,,,0.7901,6.2251290920059645,5.2846,40.82407468276212
2015-10-08,0.344,2.54616685123533,,,0.16480000000000006,0.7695250928698751,9.1795,69.23133918084372
2015-10-09,2.0417,15.827949365338974,,,2.3714000000000004,20.185255048008408,21.2071,157.87351375538915
2015-10-12,1.0645000000000002,7.8527276103863715,,,5.6325,49.226486439911916,5.0384,37.687282770933216
2015-10-13,-0.6516000000000001,-5.26715015930655,,,1.9996,15.947718207420467,5.678999999999999,40.66814390742263
2015-10-14,2.3381000000000003,16.524872056432386,,,0.0,0.0,13.3281,106.51381806774576
2015-10-15,0.5719,3.9680048964092993,,,,,4.3391,33.16210383441554
2015-10-16,-0.6167,-4.379862487467301,,,0.9363,9.959183851028623,21.1578,153.77287739543652
2015-10-19,0.0,0.0,,,0.6696,5.646697721453406,2.4961999999999995,18.48677852883052
2015-10-20,1.0571000000000002,7.496050379719183,,,,,3.2028000000000008,24.57511215637539
2015-10-21,-1.2738,-8.853737452648094,,,1.3437,12.684612139850385,11.5582,85.80182478653742
2015-10-22,0.6705,4.668184242790492,,,3.7756,33.95712524105726,3.7801,29.157527678833013
2015-10-23,0.9437,7.325386077630272,,,7.786399999999999,69.55586326521353,16.6055,125.34086013457552
2015-10-26,0.7269,5.283778041184016,,,0.0,0.0,1.4471,11.35993082552624
2015-10-27,0.765,5.264279647286539,,,2.2352,19.944079077159,6.5194,49.87540307625615
2015-10-28,0.3776000000000001,2.9252693299667736,,,1.7599,15.359914962028633,8.130099999999999,62.748155883620576
2015-10-29,-0.7566999999999999,-6.2090421700036265,,,0.2079,1.6890302570301508,23.5208,176.04585162763766
2015-10-30,2.3844000000000003,17.59534210737076,,,5.1718,45.16864611710496,21.310399999999994,157.2617012048503
2015-11-02,0.8176,5.8243148691832864,,,,,8.4965,65.21041595157027
2015-11-03,0.4939,3.656672756237111,,,,,6.339400000000001,46.1884885240235
2015-11-04,1.0212,8.108245777800224,,,,,7.4491,56.51504723990138
2015-11-05,0.9628,7.2269046576090075,,,,,-1.1808999999999998,-9.288772433634334
2015-11-06,2.5493,19.189694452074317,,,9.4371,81.61327896108325,24.700899999999994,184.2796678793943
2015-11-09,0.1779,1.6519636663146573,,,1.0722,8.528824286018086,2.5228,20.33607546662729
2015-11-10,,,,,2.3617,20.492098927803575,6.6085,50.994309860389286
2015-11-11,0.8718000000000001,7.152293595290632,,,0.8478,9.301378102375383,3.4635,28.594414356282453
2015-11-12,0.8423,6.0164366181552325,,,1.4794,12.692492530349154,-3.1241000000000003,-24.495512400573283
2015-11-13,0.6808,5.859917551893065,,,2.4227,21.169646347462265,3.697200000000002,25.503727746252842
2015-11-16,1.4077,10.237282290541467,,,7.3847,56.411840991062185,4.4764,32.27945856800972
2015-11-17,1.5433,12.057719700004638,,,0.7998,7.072242915107443,2.9859000000000013,25.65069309833388
2015-11-18,0.5206,3.9326691582927458,,,0.9014,7.8271546401019965,2.1049,17.651698695148877
2015-11-19,1.646,12.297947300046527,,,1.1440000000000001,11.100204027075764,2.0397,18.41125104281264
2015-11-20,2.0922,16.710760052952462,,,2.8018,24.894540796625172,20.3832,151.48886272835517
2015-11-23,0.469,3.3383823987133794,,,2.8267999999999995,19.208796312229996,-0.2603000000000001,-2.68758776980105
2015-11-24,0.9887,6.907647343406238,,,0.021299999999999986,-0.2039205155998518,7.3064,58.39089843640872
2015-11-25,0.9934,7.166255131513928,,,0.22040000000000004,0.7021917495634318,2.1567,16.80557443716416
2015-11-27,1.2442,9.65724262828128,,,1.7687,16.453993352490663,6.600100000000001,55.099682237356866
2015-11-30,1.0502,7.694116007308918,,,7.5661,60.194393268092824,5.9451,47.923595619861786
2015-12-01,4.7193000000000005,34.097534083442085,,,,,4.7833,36.79889401242298
2015-12-02,-0.2177,-1.6883372595566837,,,,,4.213799999999999,34.70797692627564
2015-12-03,0.1406,1.0563507944599109,,,,,11.2624,88.80295632193804
2015-12-04,2.3403,17.039717292063507,,,0.7087,3.8855763099323366,12.575400000000002,96.41309714566276
2015-12-07,,,,,1.9138,17.672569337784115,-0.041500000000000425,-0.6129854328381592
2015-12-08,2.1949,15.85377332355532,,,1.4832999999999998,11.774106833952965,7.4635,61.93214111841323
2015-12-09,0.3818,3.0531224496516227,,,1.5758,13.912372422719256,-0.5230999999999995,-5.386138610311633
2015-12-10,,,,,4.0285,28.449632934383864,5.327000000000001,44.66861325274229
2015-12-11,-0.06359999999999999,0.3878969485668899,,,2.9714,26.54775601833537,21.7344,180.72479916126133
2015-12-14,-0.128,-1.0520047559169896,,,2.302,23.826288336802953,0.21279999999999988,0.8467045217258287
2015-12-15,1.5491,11.619609306102292,,,-0.0018000000000000238,-0.1604668856774496,1.4793999999999996,12.358875959117157
2015-12-16,1.6741,12.487931286212149,,,0.0,0.0,8.9473,74.75558149938888
2015-12-17,1.3529,9.994207490237832,,,1.1712,9.602795701497087,-0.3451,-2.9510168922909283
2015-12-18,3.2899,25.530516931115226,,,2.4848,20.38756643338088,-1.9779000000000004,-19.48900883653081
2015-12-21,1.5961,12.04716647811983,,,5.8981,45.33189586949104,3.1277000000000004,23.35845899900854
2015-12-22,0.6249,4.748865893251543,,,2.1603,17.489031345875098,5.2387000000000015,42.332924403688935
2015-12-23,0.4019,3.0288646668447727,,,1.4608,13.083220416296685,-2.5099000000000005,-21.53750228985694
2015-12-24,0.8591,6.878556696317818,,,0.0,0.0,0.2494000000000001,2.5200649482100808
2015-12-28,0.6794,5.242397238366655,,,1.4221,13.060041539669886,0.8258000000000001,5.805200547505118
2015-12-29,2.4039,18.531468756573094,,,4.0878999999999985,37.83272562554129,2.0261,16.170616462134767
2015-12-30,0.9638,7.3543043281296265,,,1.5438,13.548180524088519,7.347200000000001,60.62883560208675
2015-12-31,1.4685,10.859245113885319,,,1.4377,13.056042492225114,5.481400000000002,46.82420285115141
2016-01-04,2.0758,18.26096298571465,,,0.5242,4.7567436187222665,1.8425,15.62946479493325
2016-01-05,0.1139,1.040840945169209,,,1.4219,12.642397855122983,6.443300000000002,52.76322582221765
2016-01-06,1.4377,10.71074584628132,,,6.0878,38.40791550475338,2.7686,22.23044880198017
2016-01-07,1.6169,13.469055205307626,,,-0.025000000000000026,0.5196775053234148,0.418,-inf
2016-01-08,2.5143,20.346812659123884,-3.3898000000000006,-20.999986060261207,8.075399999999998,59.32411550214384,12.6812,107.56291059948498
2016-01-11,0.3875,3.44763994513866,-1.8569,-11.338476418278539,,,3.5726000000000004,30.603093098086713
2016-01-12,,,0.002299999999999969,0.10913483683661784,,,4.8125,40.37050252441546
2016-01-13,7.2955999999999985,53.74703214308271,,,-0.5881000000000001,-5.0609167866431335,-0.4063000000000002,
2016-01-14,1.7719999999999998,13.33354602576867,,,1.6736,14.431650619766982,1.0513000000000003,9.448934626418312
2016-01-15,1.327,11.674830128462805,,,0.5233000000000001,6.4103120003627785,4.965,42.55900405642655
2016-01-19,0.1590999999999999,1.0302451709918694,,,1.5835,15.199812727151347,5.7599,
2016-01-20,1.432,10.19329939209778,,,0.29600000000000004,2.3459536180169303,5.637100000000001,-inf
2016-01-21,0.6914,5.624057867616403,,,5.6218,47.40014335329743,-0.0923,-1.6414312377222418
2016-01-22,0.7269,6.1728995916899825,,,0.2247,2.0955790989557523,13.1034,
2016-01-25,0.3218,2.463694289364546,,,1.152,10.309693611784224,0.9214000000000002,
2016-01-26,0.05180000000000007,0.5502567477725435,,,0.0,0.0,0.4981999999999999,-inf
2016-01-27,0.843,6.63574378551442,,,0.7885,7.547955652459457,0.4934000000000001,
2016-01-28,1.3485,10.74450901838081,,,0.6371,5.5793835900310125,4.6202999999999985,40.321374471962315
2016-01-29,1.7866,13.163296729412455,,,2.4224,18.72548296918976,15.896399999999998,-inf
2016-02-01,,,,,0.0,0.0,1.9866,-inf
2016-02-02,0.25630000000000003,1.2744049124501964,,,1.3678,11.699258690092494,8.1235,-inf
2016-02-03,0.17260000000000006,0.5155864815054048,,,0.0,0.0,-2.9630999999999994,-inf
2016-02-04,,,,,-0.6908,-6.927192269684782,1.7064,15.506978855234234
2016-02-05,-0.5670000000000002,-6.15667281977613,,,4.642099999999999,35.337889182832164,12.949000000000002,-inf
2016-02-08,0.30039999999999994,2.9693113465302896,-3.0686,-17.480632251540946,2.8436,23.141119387214413,2.0676,
2016-02-09,1.028,8.781031450967124,-2.7995,-16.456686427610475,1.1191,9.067402367889404,5.2702,48.99427529885865
2016-02-10,,,-0.3182,-2.43714832919134,0.3099000000000001,2.613860193195712,-0.4417000000000003,-2.7520636473354134
2016-02-11,1.1308,10.253467453359242,-4.3113,-27.23462158051307,,,-0.8122999999999998,-7.0916340499440125
2016-02-12,0.4663,4.762272948093523,-2.5683,-14.125149407362935,2.2222,17.526138343869775,4.3405,
2016-02-16,,,,,0.0,0.0,5.8275000000000015,52.13366851198629
2016-02-17,0.8619,6.701019596145596,,,1.4638,12.68624946267414,-2.6291999999999995,-24.185138875043076
2016-02-18,0.21390000000000006,1.6494042315694333,,,1.3839,12.002470250840116,2.6409000000000007,
2016-02-19,1.3866,10.982747162259985,,,2.6861,19.656697576038834,9.800200000000002,
2016-02-22,1.1693,9.542697857123574,,,4.0866,33.24831559658531,-3.0343,-26.360090164034233
2016-02-23,0.05059999999999998,-0.21116864484490128,,,3.1378,25.33486644931156,7.927400000000002,
2016-02-24,0.6597,4.966085693699837,,,0.8433,6.605740889889004,5.553300000000001,
2016-02-25,1.1936999999999998,10.577780348074596,,,1.234,10.316189352331332,3.1163000000000007,27.478363828280333
2016-02-26,3.5361,27.961343531036743,,,1.3898,12.480641547377775,11.759300000000005,-inf
2016-02-29,2.5468,19.869343613917014,,,1.0941,9.685609941857797,4.983700000000002,46.294482725479824
2016-03-01,,,,,1.6721,15.496205457542848,4.7857,
2016-03-02,-0.0516,-0.44323811124337936,,,1.1566,9.628800522819216,5.959999999999999,56.4483178567272
2016-03-03,3.0662000000000003,22.743509127736825,,,1.7225,13.605722259382928,1.8819,-inf
2016-03-04,4.4901,36.548512400173045,,,0.8323000000000003,6.516603876104575,11.378700000000002,
2016-03-07,0.8561,8.55607050412031,,,0.0,0.0,0.0696,0.08468202444347739
2016-03-08,2.5623,22.49505424976089,-5.2444000000000015,-31.976795265773745,2.28,20.383107094058317,3.5259,-inf
2016-03-09,0.0,0.0,0.003999999999999893,0.5646290856461729,1.3880000000000001,11.649919871492612,2.0648000000000004,
2016-03-10,0.34,2.5460197951542054,-1.1215000000000002,-5.059652148653769,,,-0.3086,-3.0247973019797816
2016-03-11,0.9551,8.065770864464033,-1.3380999999999998,-5.076801607894264,0.9179999999999999,8.19259014151489,7.5961,
2016-03-14,0.2906999999999999,2.245548534581915,,,4.1263,38.729474001848885,1.0049,inf
2016-03-15,0.3989,3.1672955289407594,,,0.8299,6.983006106635227,1.1304999999999998,
2016-03-16,0.3182,2.8657931676912605,,,0.4404,4.3988016419159415,9.851100000000002,inf
2016-03-17,0.6360999999999999,6.425786853865392,,,0.5745,4.265825618358243,-0.5488999999999993,-4.524571675230101
2016-03-18,2.3864,20.10704462896519,,,2.076,19.84414861403316,6.0146000000000015,-inf
2016-03-21,0.6364,5.348291674478818,,,4.0179,33.550707669486854,-0.4199,-4.109187876372235
2016-03-22,,,,,1.1427,10.993590914283523,-2.6634,-inf
2016-03-23,1.1051000000000002,10.014191603027287,,,1.3774000000000002,13.896837081557836,0.6967000000000002,6.797552201214186
2016-03-24,2.4365,19.513051881012217,,,0.7958000000000001,6.77644266308632,-3.5443000000000007,-33.68724198982832
2016-03-28,0.5682,4.7473440682377515,,,1.0544,9.394003072879993,0.1388999999999999,1.079175531032823
2016-03-29,0.3182,2.56153081757186,,,0.8419,7.231436070782943,1.3495,13.732465131507572
2016-03-30,1.9171,14.883809275665419,,,-0.4356,-5.174500639461206,2.4852000000000003,-inf
2016-03-31,2.4825,19.146195894622615,,,2.4528,22.327834854608888,3.8366,37.2058661426677
2016-04-01,2.0749,16.505766327258705,,,4.0253999999999985,32.61385570355734,6.4979000000000005,61.335622852265345
2016-04-04,1.1012,8.806251603530711,,,0.5622,5.058752486865713,,
2016-04-05,0.5767,4.690756150764223,,,0.8225,7.0673198793089975,0.6273000000000001,
2016-04-06,0.7964,8.032471096943928,,,0.4724,4.246259847161569,0.9196,9.317695088302948
2016-04-07,0.5719,5.774542871082195,,,2.7362,21.460792261078232,1.0423,10.549502778701001
2016-04-08,1.7443000000000004,16.704828025588142,-5.445499999999999,-31.36826154442426,3.6279,30.103644322402857,10.7139,100.38624106372886
2016-04-11,0.7477,7.581154666518799,-3.9202,-24.327232088545227,,,5.6509,51.50369323999204
2016-04-12,,,-4.0921,-24.965570117089186,,,3.2684,31.52743834783139
2016-04-13,0.8755999999999999,7.128962817569495,,,0.0,0.0,1.1911,11.099732579488283
2016-04-14,-0.2085,-1.4969657142435238,,,0.3187000000000001,1.8292612756888469,2.1866,20.845147624426712
2016-04-15,0.3182,2.718834182334539,,,6.1167,48.45566940832549,8.367500000000001,76.95185010665932
2016-04-18,1.1843,9.668112773494617,,,0.3422000000000001,3.0711500278855195,-1.5895,-15.611947002273315
2016-04-19,0.7746000000000001,4.591622748390901,,,0.8336,6.796019193634282,3.781800000000001,
2016-04-20,0.4353,3.713983213025664,,,0.0,0.0,3.5966000000000005,34.74163843525113
2016-04-21,0.8591,9.052078056334329,,,0.0,0.0,1.8647,17.462754096426693
2016-04-22,1.3361999999999998,10.88520626430309,,,0.6807000000000001,7.2295130755535855,9.3645,88.36564146024703
2016-04-25,-0.6433,-6.04374704310707,,,0.1911,1.9719119036722512,-1.6971,inf
2016-04-26,-0.7807,-6.936547082120128,,,0.9063,8.205203267582252,1.9622,17.535522483475436
2016-04-27,0.9878,7.577682195528006,,,1.8282,16.8837861479719,7.8959,-inf
2016-04-28,0.7202,5.816590130221632,,,0.0,0.0,6.288500000000001,59.89491863052229
2016-04-29,0.5112000000000001,4.349024544504384,,,1.6482,15.689631831309132,6.1817,
2016-05-02,0.8155,6.1900213880690025,,,2.139,17.304203836895987,5.2706,-inf
2016-05-03,,,,,0.7885,7.237929750113119,7.0468,-inf
2016-05-04,1.4136,11.24523299593526,,,1.0236,9.129874909145984,3.4002000000000003,32.151055089577866
2016-05-05,0.626,4.981536749102073,,,0.0,0.0,0.05280000000000002,1.926889213458861
2016-05-06,2.356,21.590814113972172,-3.5920000000000005,-19.327603405779566,6.848,49.152002329040634,4.6136,43.17862177846351
2016-05-09,0.0,0.0,-2.8510000000000004,-17.934390810182247,1.2313,13.028839818292802,1.4430999999999998,-inf
2016-05-10,0.6695,4.694610141525097,-0.9378999999999998,-3.0930195900545794,,,3.4280000000000004,
2016-05-11,0.7269,7.108026336199865,-1.4488,-9.266931979969565,,,0.6293,
2016-05-12,,,-5.412799999999999,-32.78526824226234,,,1.4022,14.018951565504718
2016-05-13,0.9885,7.224061721555407,,,1.9618,16.569218553285392,2.9453000000000005,27.305361637289554
2016-05-16,-0.1406,-1.165109219708,,,-1.2591,-10.658647601931436,-3.5158,-33.49837835068118
2016-05-17,1.3010000000000002,11.109048154046972,,,0.4411000000000001,3.2899113815495284,-1.4727,-15.175373184641723
2016-05-18,1.2375,9.558702819161836,,,3.4718,31.44774982492647,15.616900000000005,136.89186568839295
2016-05-19,0.8126,6.960368708746637,,,-0.1678,-1.900739849711262,-0.1917,-2.3378886518724538
2016-05-20,1.6309,13.89459730271715,,,2.8732,25.386106490140982,1.7050000000000007,-inf
2016-05-23,1.5723999999999998,12.160319571852153,,,0.0,0.0,1.4933,14.446913936781325
2016-05-24,1.6510000000000002,13.349317867480845,,,3.2662,30.827994617970962,-0.0715999999999999,-1.565795105643938
2016-05-25,2.0192,17.24936707997918,,,0.9981,9.123642925192822,5.2527,49.37644231569378
2016-05-26,1.345,11.006141017155509,,,0.0,0.0,1.5637,13.970171502686885
2016-05-27,1.5549,12.286588400745568,,,2.2594000000000003,18.40907473431948,8.021,79.01188410031051
2016-05-31,2.3126,18.54275637856222,,,0.4443999999999999,3.2349316463876363,3.9642,38.23620848771331
2016-06-01,1.5091,12.301739542671163,,,1.255,11.341629637859088,-1.4242,-15.005309407934568
2016-06-02,0.4832,3.9972642185454657,,,0.5236,5.3427260708649325,1.1325,9.749688312663043
2016-06-03,2.3361,19.845259216991977,,,2.1628,18.252504506062852,9.8358,-inf
2016-06-06,-0.7835,-6.935946981592528,,,2.8833,19.734776518320015,0.22729999999999995,-inf
2016-06-07,,,,,0.0,0.0,0.6083000000000001,5.381201492437979
2016-06-08,0.0,0.0,-1.0444,-4.702121563175108,2.6193,15.681867805037612,4.4823,
2016-06-09,0.6732,5.6516270616837785,-3.7285,-21.01078349037613,0.0,0.0,3.787,36.65132423868485
2016-06-10,0.2041,1.7301970872359846,-5.1005,-32.01226914556394,,,5.2651,46.989261775438244
2016-06-13,0.0,0.0,,,2.1903,15.183900749712153,-2.7565,
2016-06-14,,,,,4.6582,32.22022000909388,2.293,-inf
2016-06-15,,,,,2.1425,21.91513847828629,-0.012199999999999987,-0.009579598414778623
2016-06-16,,,,,3.574,32.258652851175185,0.4412,4.217684982214224
2016-06-17,0.851,9.118239736320636,,,0.7057,6.1362995672227925,7.3403,-inf
2016-06-20,0.3451,2.7892959931857417,,,2.9918,31.904780927231087,0.9362,9.323852967959787
2016-06-21,1.1433,8.967896835666052,,,-1.4958999999999996,-16.117200005419537,-4.428999999999999,-45.16661814659484
2016-06-22,0.3182,2.6176956797377176,,,0.1683,2.192451763666185,0.2678999999999999,1.954125399257884
2016-06-23,-1.5225,-13.82519562329799,,,0.5319,4.2687721659735045,3.1836,-inf
2016-06-24,3.9305,33.77016987055792,,,7.1514,61.17275934253935,-1.6430999999999998,-16.615846890485688
2016-06-27,1.938,16.112152698142378,,,4.4178,37.186099643995405,-1.3102,-13.258452462419902
2016-06-28,-0.482,-4.600718370984749,,,-0.13449999999999995,-1.4923438992358258,-2.1615,-23.68836557806085
2016-06-29,-0.02059999999999995,-0.3903827075514141,,,0.5697,5.028005148833298,3.8743000000000007,37.096289063091966
2016-06-30,0.2684,1.8884844454630183,,,0.9083,8.216918283520528,3.2819,
2016-07-01,0.27019999999999994,2.1531548996218617,,,5.9734,52.41116928040729,-1.1569,inf
2016-07-05,,,,,0.7303999999999999,7.497740153526733,-0.11680000000000007,-2.0095029962076163
2016-07-06,2.5618,20.609149550206748,,,-0.775,-6.955917363988888,-1.8487,-19.357084516960434
2016-07-07,,,,,2.3884,19.839807322433966,1.7155,15.91137453629446
2016-07-08,3.6317,30.071745394139864,-9.6273,-58.69824660636843,1.0561,8.794363318571019,-2.6855,-29.170788163500184
2016-07-11,,,-2.1131,-13.275379421549873,,,0.8424,8.241988421594037
2016-07-12,,,-5.1441,-30.27171203620162,,,0.8552000000000002,7.7411928859970525
2016-07-13,0.0,0.0,,,2.6599000000000004,24.272282869741662,2.1032,21.04303565383031
2016-07-14,0.8755999999999999,6.7631502482255135,,,1.2736999999999998,10.080972911385587,0.37139999999999984,2.4414798915657867
2016-07-15,0.0,0.0,-1.6914000000000002,-11.618756447648762,4.9706,46.72835967941992,-0.8206,-inf
2016-07-18,1.1433,9.419491900875107,-5.1656,-29.74132341895953,2.1336,22.384492127385936,2.3508000000000004,
2016-07-19,0.0,0.0,-6.009,-34.55223954050186,1.1324,9.510344136569907,3.5593000000000004,37.750131397596455
2016-07-20,0.0807,0.4863024082233754,-2.9932,-17.701449476163546,-0.3945,-3.8132336447765214,3.729200000000001,37.18546395705867
2016-07-21,2.0026,17.79863707653445,-4.3481,-25.9726762799264,1.1432,10.824217321576409,11.825,-inf
2016-07-22,2.0791,17.860680805162694,-16.9305,-102.15639915963258,1.0778,9.643418316007628,-3.8306,-38.43105927655875
2016-07-25,0.08209999999999995,0.675698400482518,-5.7841,-35.197800594785654,0.8772,7.4867586888437225,0.6016999999999999,7.0964721312317876
2016-07-26,0.9221,7.434705632907897,-2.9439,-17.012847907230096,2.9689,26.84926684333352,-0.8906999999999998,-14.374477790051296
2016-07-27,0.7527999999999999,6.136407594062805,-1.3955,-6.651930156178312,1.1993,9.922892785262157,0.5860999999999998,6.781952093905277
2016-07-28,-0.5236,-4.208178216234212,-2.4338,-13.084816043037362,2.8396,26.33486250590561,2.3528,
2016-07-29,1.8412,16.058568585461437,-6.5185,-39.276478981972865,1.7408,15.13523953978841,-7.043000000000003,
2016-08-01,2.6159000000000003,19.84444535767438,,,0.5528000000000001,5.51662096235138,-0.8542000000000003,-10.067382739839736
2016-08-02,0.7269,5.444459846363016,,,0.0,0.0,0.3458,
2016-08-03,0.6854,5.480061529710291,,,1.8841,21.92974678197336,3.4039,-inf
2016-08-04,0.4062,3.0205751226406914,,,0.0,0.0,2.8349,28.509752005292484
2016-08-05,1.4813,13.703036907981556,,,4.7536,42.53631982031975,1.1429999999999998,
2016-08-08,2.142,18.020092687285604,-0.7074,0.1981534717296367,10.251,82.93236197526433,3.948900000000001,-inf
2016-08-09,1.1253,8.810261293107162,-4.0666,-24.580362128111968,0.0,0.0,6.340300000000001,
2016-08-10,,,-3.6418,-22.815169687270107,,,-0.19410000000000005,-3.363004147592961
2016-08-11,,,-3.1917000000000004,-21.331493960725275,,,1.5804,15.47415614485984
2016-08-12,-0.3215,-2.9730149968326747,-2.0715,-1.9711053408605432,3.9217,29.009509314399587,4.189200000000001,37.99696683194704
2016-08-15,1.1230000000000002,9.249661109846556,-1.1086,-5.282129358067927,1.7194999999999998,13.777859704992409,-0.9275,-9.620558763292683
2016-08-16,1.954,16.242118571449467,-0.5862000000000002,-2.3289939966985456,0.0,0.0,,
2016-08-17,-1.2880000000000005,-12.006696317641628,0.2779,1.7039041768388934,-0.6028,-5.846703207800598,,
2016-08-18,1.0412,8.847476874314433,-1.5817,-8.231423467462863,0.0,0.0,,
2016-08-19,0.3982000000000001,4.1504188004761655,-3.8508,-18.249979776791424,7.1937000000000015,55.315514317341105,5.8768,58.20283912441604
2016-08-22,2.0357,17.54010774433712,-2.5561,-17.172118120337622,2.4824,14.854820263502054,1.0971000000000002,10.299463348246109
2016-08-23,,,-1.1413,-6.609652835650843,0.6341,5.422811162817496,1.1223,10.785035296460128
2016-08-24,2.0029,16.62733163090623,-6.262900000000001,-35.506839295478756,1.8654,12.996056198743045,3.2826000000000004,32.37230053178205
2016-08-25,0.5719,5.221073670981248,-4.851000000000001,-30.34092926652162,0.4278,3.403030642498205,-0.637,-6.7224527859229815
2016-08-26,1.2584000000000002,11.731401537355252,-10.531999999999998,-65.36980460018702,3.2377,26.15587561216957,0.0587999999999998,-0.3770564091600992
2016-08-29,1.2485,10.637281243824436,-1.2884000000000002,-6.531122242876763,3.1374,30.07521643366975,-3.6468,-36.61389477296431
2016-08-30,1.0403,7.897734714496398,-2.679,-16.946187559306253,0.7851,8.654384140331878,1.1845,11.330878339737096
2016-08-31,1.1293,9.45296453297693,-3.3196,-19.786967871531605,2.8411,24.675103469473186,1.8618,
2016-09-01,0.4215,3.1292856659592148,,,0.0,0.0,5.8914,
2016-09-02,2.6763,20.70325642398641,,,4.6151,41.773058185664546,0.6194,inf
2016-09-06,,,,,1.1343,10.800623933246861,2.332,23.195275086228882
2016-09-07,,,,,1.7723,16.094614412771488,1.2512,12.497450493082948
2016-09-08,0.2701,1.674808802637882,-0.01610000000000006,0.8724208487016023,0.8584,7.601871020076272,4.6073,-inf
2016-09-09,-0.5920000000000001,-5.081932145088515,10.460400000000002,75.43883525066472,0.3034,2.4174830627097346,3.5181000000000004,
2016-09-12,,,-1.4174000000000002,-9.000023052011214,,,0.6671,6.358528770955414
2016-09-13,-0.3747,-3.2012866074066886,-1.6285000000000005,-10.456825697174242,-0.8543,-7.225375075453443,3.9446,
2016-09-14,1.1229,8.689774973526143,-0.7738,-4.609170180345776,4.8488,36.25449334620946,5.4936,
2016-09-15,0.4823,5.063394561702194,-0.06390000000000001,1.533915152547606,4.609,43.32571162973001,3.1799000000000013,30.12945402265341
2016-09-16,1.1823,9.588419027570893,-14.435,-85.7914069873941,-0.4184,-3.6609543757959515,2.0284000000000004,-inf
2016-09-19,0.0,0.0,-3.3065,-19.356164847786115,0.0,0.0,-1.1048,-12.180938695805272
2016-09-20,1.1122999999999998,8.896472872157858,-3.0517000000000003,-17.49915170686657,0.8370000000000001,6.424432004124179,2.5791000000000004,25.86345147285219
2016-09-21,0.8233999999999999,6.6673130468573865,-7.316300000000001,-43.3661159836144,2.1859,18.096952504256183,2.4247,-inf
2016-09-22,-0.596,-3.421812761757386,-7.501099999999999,-46.1751771955083,0.6739,5.4762613626020995,2.242,21.562286386088253
2016-09-23,0.4578,2.5676146802610704,-12.3663,-76.31786864937055,3.1639999999999997,28.698481301871453,2.3201,-inf
2016-09-26,1.3618,11.051044797848627,-3.4427000000000003,-20.833598727721494,0.0,0.0,0.8013000000000001,
2016-09-27,-0.2918000000000001,-1.9176532948160652,-0.7823,-4.525460710771157,2.5202,21.82895790829971,14.6378,
2016-09-28,0.4546000000000001,2.683238994433164,-2.2084,-13.455544523761963,-0.14239999999999994,-0.4748344310568622,4.3578,-inf
2016-09-29,-0.5264,-4.265068738992103,-8.284699999999999,-46.83965451720082,0.0,0.0,2.2918000000000003,22.155355533068576
2016-09-30,2.1661999999999995,16.585230992265533,-2.6027,-15.022218853840284,0.9528,7.685024437666835,-0.2474999999999997,-3.53965651754108
2016-10-03,-0.2067,-1.4489790043994564,,,1.6987,12.993522914357731,1.1612,11.385409408786574
2016-10-04,,,,,0.3896,3.4262740229462585,3.2205000000000013,31.44210131504764
2016-10-05,1.1787,9.772572866561196,,,1.0691,6.197639196508981,8.6695,
2016-10-06,-0.5023,-4.739242012409749,,,0.0,0.0,5.3325,-inf
2016-10-07,1.3155,11.449615764691806,-2.0782000000000007,-7.2387666586593955,1.7950000000000002,14.444976736442195,-0.32029999999999986,inf
2016-10-10,,,-1.5529000000000002,-11.328938794651215,,,2.8067,
2016-10-11,,,-1.0248,-6.626249045907008,,,3.9913,41.56549059051753
2016-10-12,,,-3.0163,-16.25031107380535,,,0.9577,9.613509927802033
2016-10-13,0.7877000000000001,6.505154289748668,-3.5363,-22.39015555035759,,,0.9630999999999998,9.673288139273954
2016-10-14,1.3632,11.032600172426038,-9.653099999999998,-59.860837221784536,,,-0.17479999999999973,-5.137017570263779
2016-10-17,0.5940000000000001,5.213802051715912,-3.4521,-20.90876118505114,,,-0.1503000000000002,-0.7399131830574515
2016-10-18,0.9203,7.889702883229406,-2.1403000000000003,-12.904841474491164,,,-0.9817999999999998,-10.029536304049241
2016-10-19,1.5090000000000001,12.907999486679332,-1.7673,-11.680444972821753,,,-2.5277000000000003,-24.40925499365582
2016-10-20,3.2452000000000005,26.102180349378475,-1.3195999999999997,-7.4283184113334295,,,4.645400000000001,48.578976180735815
2016-10-21,0.636,5.330217453075914,-10.7147,inf,,,9.0909,92.89409729716714
2016-10-24,1.7152,15.118556132814364,-3.7912,-21.06190836853398,,,5.979099999999999,61.44513635158904
2016-10-25,1.3016,10.843554708157663,-2.7833,-15.399357832150324,,,1.0225999999999995,12.355442665932353
2016-10-26,1.2321,10.06549505056676,0.5719,3.736443812936093,,,-0.04580000000000006,-1.1877603167024615
2016-10-27,0.8614000000000002,7.119407516958009,-2.9382,-17.439972127347556,,,5.3047,-inf
2016-10-28,0.8236,7.5207771251413025,-0.973,-6.254983727112641,,,0.2856,
2016-10-31,1.7859,14.46669516380907,-1.4383,-7.2798849972051185,,,3.7192,38.08627980225817
2016-11-01,0.4751,3.8527139984586967,,,7.3803,61.587788036971496,1.5793,-inf
2016-11-02,0.7329,6.366623747207308,,,0.0,0.0,4.310699999999999,44.5309270373763
2016-11-03,1.3774000000000002,10.74938247890524,,,2.8279,26.305627291798377,3.9140000000000006,
2016-11-04,2.8336,23.04969748165861,,,1.4804000000000002,13.378336768074384,11.0751,
2016-11-07,,,,,8.0271,59.4888709363173,5.0676000000000005,53.12508245290015
2016-11-08,2.1342,17.240594961161207,-5.055200000000001,-25.596258927724747,1.3096,9.978269790688048,6.644099999999997,
2016-11-09,,,-1.9921,-11.949085371071089,0.9993999999999998,8.61959683503709,1.0168,-inf
2016-11-10,0.4043,3.900843576988121,-1.6499,-10.026339572639124,,,0.795,9.57335686951015
2016-11-11,,,-7.526100000000001,-46.8474502904609,,,5.6965,68.06809310016847
2016-11-14,,,-1.3633,-8.57490163312374,,,,
2016-11-15,,,-2.4669,-16.32037845473567,,,1.2482,14.964208504837432
2016-11-16,,,-4.1357,-25.324621845545906,,,-0.4033000000000001,-4.440245696300552
2016-11-17,,,-0.7461,-4.3135890343171965,,,0.8271,9.492984828741664
2016-11-18,,,-3.4756,-20.622695112804912,,,4.6938,-inf
2016-11-21,,,-3.44,-20.532038536771505,,,0.0,0.0
2016-11-22,,,-3.628200000000001,-22.80558612061475,,,1.0396,12.772239863297207
2016-11-23,,,-1.8358,-10.984464587543991,,,-0.377,-4.446522298868015
2016-11-25,,,-1.8662000000000003,-12.719844733215602,,,1.5997,16.957446691041817
2016-11-28,,,-3.3687,-21.747893230661944,,,0.17879999999999996,1.7600030558054298
2016-11-29,,,-4.9162,-30.13452260667455,,,-1.1035,-inf
2016-11-30,,,-3.3964000000000003,-20.814775447227053,,,4.1985,-inf
2016-12-01,0.9393,7.979291768279658,,,0.6652,5.3510719567301726,2.2223,24.28424694845547
2016-12-02,2.0366000000000004,16.929500316671994,,,3.1515,29.20130297474844,1.8872,19.50811654018409
2016-12-05,0.2281,1.996452968172788,,,1.2534999999999998,12.68422961547298,0.6648000000000001,7.761844713106201
2016-12-06,,,,,-1.6798000000000002,-16.245139375358278,-0.8373,-9.732323470140846
2016-12-07,-0.7224,-5.853238205187787,,,0.5622,4.303860620521263,2.1952000000000003,23.26543046882382
2016-12-08,1.5873,14.70029804503079,1.8553,13.771418496432155,0.8547,6.528431108477106,2.1126,22.588368392283144
2016-12-09,0.2559999999999997,1.1180807244670101,-4.6461,-28.632283092468466,3.2439,30.12545437060829,6.297299999999999,
2016-12-12,,,-2.0244,-11.176733814006651,,,-0.4560000000000001,-5.905464568897004
2016-12-13,,,-0.9990999999999998,-5.385051582923636,,,2.8468,31.295451372097176
2016-12-14,,,-1.1466999999999998,-6.785292024513398,,,1.7951,-inf
2016-12-15,,,-5.0403,-31.30983069236419,,,-0.5669,-6.6815506207987205
2016-12-16,,,-8.0944,-47.46295989832692,,,4.094600000000002,-inf
2016-12-19,,,-3.8669,-23.03060641629006,,,0.02999999999999992,0.9482414039881616
2016-12-20,,,-3.653,-22.185281071725846,,,2.678,
2016-12-21,,,-3.5192000000000005,-21.948577986140776,,,1.8785,20.84879325129797
2016-12-22,,,0.6586000000000001,3.8788137602216013,,,2.6751,29.307890461285876
2016-12-23,,,-5.019,-30.541428375301447,,,-0.8282000000000003,-9.308118160351484
2016-12-27,,,-1.1141,-7.6019225433945445,,,2.0563,23.198845156402374
2016-12-28,,,-1.7633,-11.564171100634036,,,1.8847,21.297274393337
2016-12-29,,,-0.2427999999999999,-1.8124204978567349,,,0.0,0.0
2016-12-30,,,-5.956400000000001,-36.8241172545697,,,6.42,
2017-01-03,,,,,,,0.9056000000000002,9.69992621527802
2017-01-04,,,,,,,-2.1774000000000004,-23.557698774130376
2017-01-05,,,,,,,-0.8534999999999999,-9.332590793273097
2017-01-06,,,,,,,8.337100000000001,inf
2017-01-09,,,,,,,-1.06,-12.631953391167213
2017-01-10,,,,,,,2.4530000000000003,26.75186636618832
2017-01-11,,,,,,,-1.7054,
2017-01-12,,,,,,,1.6221,18.142717169263264
2017-01-13,,,1.251,9.592335940573642,4.3795,40.02852739229103,-0.9330999999999998,-9.34654758347499
2017-01-17,,,-0.9978,-5.451544078767574,1.4771,12.292756251468413,2.3265,-inf
2017-01-18,,,,,,,0.5812999999999999,6.96346961772524
2017-01-19,,,,,,,3.5399,40.16484729384976
2017-01-20,,,,,,,4.8677,inf
2017-01-23,,,,,,,0.4939,5.970576295849064
2017-01-24,,,,,,,1.4169,16.49572270347376
2017-01-25,,,,,,,0.4711000000000001,5.613241168779557
2017-01-26,,,,,,,0.6542000000000002,4.887107677916566
2017-01-27,,,,,,,-1.2635999999999998,-17.82022320972941
2017-01-30,,,,,,,-1.0943000000000005,-13.183964420494695
2017-01-31,,,,,,,-0.10929999999999997,-1.4227919744461035
2017-02-01,,,-6.938,-42.714199530310005,,,1.2497,14.410555788809464
2017-02-02,,,,,,,0.3282,3.2404791716481647
2017-02-03,,,,,,,-3.4819000000000004,-43.73377811619551
2017-02-06,,,,,,,-0.2443,-2.755878620628213
2017-02-07,,,,,,,-2.7571000000000008,-22.38545209465991
2017-02-08,,,,,,,1.5145,17.162770880111005
2017-02-09,,,,,,,1.2362000000000002,14.905813693544939
2017-02-10,,,,,,,1.6791,
2017-02-13,,,,,,,1.0812,12.273248325924433
2017-02-14,,,,,,,1.3242000000000005,14.468777853839132
2017-02-15,,,,,,,-0.5092,-6.516872281005642
2017-02-16,,,,,,,-1.138,-12.942572106144741
2017-02-17,,,,,,,0.6230999999999999,7.833497988721195
2017-02-21,,,,,,,-0.1562,-1.9807933610759092
2017-02-22,,,,,,,1.2743,14.72848524306085
2017-02-23,,,,,,,0.0,0.0
2017-02-24,,,,,,,-1.0026999999999997,-11.077436960465937
2017-02-27,,,,,,,1.2872,14.573058548925946
2017-02-28,,,,,,,0.5411,6.128090382218781
2017-03-01,,,-1.5153,-8.071676996424348,0.0,0.0,0.7159,8.320418331698308
2017-03-02,,,,,,,0.7734,9.339920401899525
2017-03-03,,,,,,,-1.4079000000000002,-6.118384241099843
2017-03-06,,,,,,,1.6602,19.080688581679205
2017-03-07,,,,,,,1.7703000000000002,20.374830967369732
2017-03-08,,,,,,,3.7403,42.53646845744297
2017-03-09,,,,,,,2.4046,-inf
2017-03-10,,,,,,,0.7024,
2017-03-13,,,,,,,0.7751,9.067797150442418
2017-03-14,,,,,,,0.8955,9.895389454047368
2017-03-15,,,,,,,0.6218000000000001,6.259825815546749
2017-03-16,,,,,,,4.3624,-inf
2017-03-17,,,,,,,3.9442,
2017-03-20,,,,,,,-0.2545999999999999,-2.823098444259255
2017-03-21,,,,,,,2.4478,27.317581041110515
2017-03-22,,,,,,,-0.1759,-2.0063755542059134
2017-03-23,,,,,,,-0.8048000000000001,
2017-03-24,,,,,,,5.190900000000001,58.72674741765365
2017-03-27,,,,,,,0.6249,7.245262454165528
2017-03-28,,,,,,,3.5729999999999995,38.9642215690979
2017-03-29,,,,,,,-0.4711,-4.8555536896578975
2017-03-30,,,,,,,0.601,4.541578177588211
2017-03-31,,,-5.4105,-32.29276953488927,0.9891,8.564765025792545,1.3376999999999997,
2017-04-03,,,,,,,3.5661,40.05410473010936
2017-04-04,,,,,,,1.6128,
2017-04-05,,,,,,,0.8908,9.903279186269165
2017-04-06,,,,,,,0.7579,8.345657534481047
2017-04-07,,,,,,,3.2396,-inf
2017-04-10,,,,,,,2.2577,25.53734308911653
2017-04-11,,,,,,,2.6298,-inf
2017-04-12,,,,,,,3.6385,40.21762890912169
2017-04-13,,,,,,,3.3004,38.19530272738892
2017-04-17,,,,,,,2.7157000000000004,-inf
2017-04-18,,,,,,,-0.7767000000000001,-8.97105646046231
2017-04-19,,,,,,,0.8641000000000001,9.531803345617467
2017-04-20,,,,,,,0.9813,9.990475873433404
2017-04-21,,,,,,,0.4462000000000006,
2017-04-24,,,,,,,-0.9748,-10.760174500782533
2017-04-25,,,,,,,1.4132,15.12768811813213
2017-04-26,,,,,,,-0.9309000000000002,-9.961769785503984
2017-04-27,,,,,,,1.1818999999999995,12.952091294779706
2017-04-28,,,,,,,4.2576,
2017-05-01,,,-1.6855,-11.095185463729834,0.8743,6.810682081181529,1.2815,13.47376632746684
2017-05-02,,,,,,,0.18190000000000006,1.7386959550628518
2017-05-03,,,,,,,2.1593,23.378806732856365
2017-05-04,,,,,,,0.2466999999999999,-inf
2017-05-05,,,,,,,0.4455000000000003,inf
2017-05-08,,,,,,,-0.4718,
2017-05-09,,,,,,,0.9041,9.835319978382033
2017-05-10,,,,,,,-0.4350999999999998,
2017-05-11,,,,,,,0.24800000000000005,2.694417830163063
2017-05-12,,,,,,,4.4703,50.16880689828066
2017-05-15,,,,,,,0.5423,5.922751322773437
2017-05-16,,,,,,,0.7977,8.981721189204494
2017-05-17,,,,,,,0.922,10.277727413821758
2017-05-18,,,,,,,-0.11399999999999988,-1.2459218526243454
2017-05-19,,,,,,,2.9139,-inf
2017-05-22,,,,,,,0.3612,
2017-05-23,,,,,,,3.1014,35.38608943103001
2017-05-24,,,,,,,1.4613,16.47249619092129
2017-05-25,,,,,,,1.834,-inf
2017-05-26,,,,,,,2.0930999999999997,21.21684023809029
2017-05-30,,,,,,,-1.3394,
2017-05-31,,,,,,,2.512,28.101444407916432
2017-06-01,,,-5.225899999999998,-32.18627136172325,1.3788999999999998,11.152695643294566,0.5088999999999999,5.3020545366893135
2017-06-02,,,,,,,1.5883,
2017-06-05,,,,,,,0.7780000000000001,7.911965582958753
2017-06-06,,,,,,,-2.3358000000000003,
2017-06-07,,,,,,,1.895,21.27376743648267
2017-06-08,,,,,,,,
2017-06-09,,,,,,,3.1331999999999995,inf
2017-06-12,,,,,,,1.4765,
2017-06-13,,,,,,,-1.4720999999999995,inf
2017-06-14,,,,,,,2.2016,-inf
2017-06-15,,,,,,,1.5291,17.508820248976754
2017-06-16,,,,,,,4.5809000000000015,
2017-06-19,,,,,,,2.0051,-inf
2017-06-20,,,,,,,-0.12480000000000012,-inf
2017-06-21,,,,,,,6.6496,75.36067072674311
2017-06-22,,,,,,,1.8935,20.99399831542445
2017-06-23,,,,,,,2.5004,
2017-06-26,,,,,,,-1.1531999999999996,
2017-06-27,,,,,,,-0.8864,
2017-06-28,,,,,,,-0.5300999999999999,inf
2017-06-29,,,,,,,-1.4982,-17.03124104100572
2017-06-30,,,-2.0235000000000003,-12.328209150668744,,,2.3889,26.95563406389415
2017-07-03,,,,,,,5.1118,-inf
2017-07-05,,,,,,,0.6916,7.555862974948429
2017-07-06,,,,,,,1.3796,16.301166547052418
2017-07-07,,,,,,,6.771,77.67135320758716
2017-07-10,,,,,,,-2.3206,
2017-07-11,,,,,,,-0.6100999999999999,
2017-07-12,,,,,,,4.782299999999998,
2017-07-13,,,,,,,2.3886,26.366654433191638
2017-07-14,,,,,,,10.1966,113.02122701988995
2017-07-17,,,,,,,1.9073,21.30609371245989
2017-07-18,,,,,,,0.3565999999999999,4.209487042960565
2017-07-19,,,,,,,-1.7967000000000002,
2017-07-20,,,,,,,0.8981,9.980039983188957
2017-07-21,,,,,,,3.7558,inf
2017-07-24,,,,,,,-0.7177000000000001,-8.64687946725429
2017-07-25,,,,,,,0.7545,8.442565505504676
2017-07-26,,,,,,,5.178800000000002,-inf
2017-07-27,,,,,,,2.5178000000000003,28.34623644622448
2017-07-28,,,,,,,7.1362,79.65343817271814
2017-07-31,,,,,,,0.5811999999999999,-inf
2017-08-01,,,-5.5638000000000005,-32.426228609610504,0.7215,7.021071861745919,-0.31460000000000005,-3.9660171735009406
2017-08-02,,,,,,,1.4896,16.832837696780246
2017-08-03,,,,,,,3.8684,-inf
2017-08-04,,,,,,,11.2563,
2017-08-07,,,,,,,4.2189,-inf
2017-08-08,,,,,,,-1.8577,
2017-08-09,,,,,,,-1.7719,inf
2017-08-10,,,,,,,1.8339,
2017-08-11,,,,,,,2.9401999999999995,
2017-08-14,,,,,,,0.6877000000000001,-inf
2017-08-15,,,,,,,1.1789,
2017-08-16,,,,,,,4.320900000000001,
2017-08-17,,,,,,,0.4034000000000001,4.006613593522442
2017-08-18,,,,,,,5.511199999999999,-inf
2017-08-21,,,,,,,0.5904,6.604104541605875
2017-08-22,,,,,,,3.0054,-inf
2017-08-23,,,,,,,2.9982999999999995,32.969128033098585
2017-08-24,,,,,,,0.5853000000000004,
2017-08-25,,,,,,,14.247599999999998,
2017-08-28,,,,,,,-1.1692,
2017-08-29,,,,,,,1.4007,
2017-08-30,,,,,,,-0.6907000000000001,-7.820349888721695
2017-08-31,,,,,,,3.5218000000000003,-inf
2017-09-01,,,-3.739,-22.24656968783373,,,9.3514,
2017-09-05,,,,,,,0.16660000000000005,inf
2017-09-06,,,,,,,1.3633000000000002,-inf
2017-09-07,,,,,,,4.7552,
2017-09-08,,,,,,,8.963799999999997,
2017-09-11,,,,,,,0.7717,9.110009061232805
2017-09-12,,,,,,,3.6257,-inf
2017-09-13,,,,,,,0.4864,5.463015071284436
2017-09-14,,,,,,,1.1422,12.287305721200061
2017-09-15,,,,,,,2.0741,
2017-09-18,,,,,,,3.4472,37.705030051683885
2017-09-19,,,,,,,4.0749,-inf
2017-09-20,,,,,,,12.305999999999996,
2017-09-21,,,,,,,4.8586,52.40628980550908
2017-09-22,,,,,,,10.796,
2017-09-25,,,,,,,1.0663,inf
2017-09-26,,,,,,,2.6061,-inf
2017-09-27,,,,,,,7.156199999999999,78.82046430742474
2017-09-28,,,,,,,3.0221,
2017-09-29,0.4215,4.454554523456115,-1.3956,-8.421446519629734,0.0,0.0,15.8261,
2017-10-02,,,,,,,1.2111,14.05203657107309
2017-10-03,,,,,,,2.8175,31.80119583588497
2017-10-04,,,,,,,2.3621,
2017-10-05,,,,,,,-1.0278,
2017-10-06,,,,,,,5.1997,
2017-10-09,,,,,,,0.5834,6.771056904567289
2017-10-10,,,,,,,0.20620000000000016,
2017-10-11,,,,,,,1.735,-inf
2017-10-12,,,,,,,1.9643,-inf
2017-10-13,,,,,,,5.413500000000001,
2017-10-16,,,,,,,2.5577,
2017-10-17,,,,,,,2.4253,
2017-10-18,,,,,,,5.0472,55.404242670760276
2017-10-19,,,,,,,-0.6994,
2017-10-20,,,,,,,2.8275,-inf
2017-10-23,,,,,,,-0.1584,-1.6406102910467668
2017-10-24,,,,,,,1.3330000000000002,14.85478032242608
2017-10-25,,,,,,,5.7382,62.22204581030285
2017-10-26,,,,,,,2.2444,
2017-10-27,,,,,,,4.682,48.4234179802091
2017-10-30,,,,,,,-0.1487,-2.247772464858392
2017-10-31,,,,,,,-1.9695,-inf
2017-11-01,,,1.4331999999999996,13.545824104525305,0.3612,4.032090660030787,-1.0818000000000003,-12.783113107834874
2017-11-02,,,,,,,4.2376000000000005,44.06459221735908
2017-11-03,,,,,,,6.359000000000003,-inf
2017-11-06,,,,,,,2.0943,23.852569579831613
2017-11-07,,,,,,,0.9649999999999996,
2017-11-08,,,,,,,4.933200000000001,54.48096691032104
2017-11-09,,,,,,,1.6356,18.284120282841045
2017-11-10,,,,,,,11.873799999999996,127.36325918246254
2017-11-13,,,,,,,1.5402,16.73703119090507
2017-11-14,,,,,,,4.8756,54.07073466621232
2017-11-15,,,,,,,4.2767,
2017-11-16,,,,,,,1.5174,16.985678178761596
2017-11-17,,,,,,,-0.29189999999999994,-inf
2017-11-20,,,,,,,-0.8079999999999999,-9.649880207488811
2017-11-21,,,,,,,1.2244,13.686765589346328
2017-11-22,,,,,,,-0.030200000000000227,
2017-11-24,,,,,,,-0.059799999999999964,
2017-11-27,,,,,,,1.4857,16.22616936537397
2017-11-28,,,,,,,5.4415,-inf
2017-11-29,,,,,,,1.0511,
2017-11-30,,,,,,,0.4674999999999998,6.048124355237018
2017-12-01,,,0.6631,4.071577272939955,0.4898,4.500629213591674,-2.4342,
2017-12-04,,,,,,,0.2330000000000001,2.420754723513196
2017-12-05,,,,,,,1.3308,14.701364617036363
2017-12-06,,,,,,,2.0746,
2017-12-07,,,,,,,2.0045,
2017-12-08,,,,,,,5.79,61.75623870845822
2017-12-11,,,,,,,-0.9272,-10.97856607571135
2017-12-12,,,,,,,-0.7213999999999998,-8.476324534006709
2017-12-13,,,,,,,2.6304,30.17818453343072
2017-12-14,,,,,,,2.573,
2017-12-15,,,,,,,5.9418000000000015,
2017-12-18,,,,,,,5.590900000000001,61.7494107754819
2017-12-19,,,,,,,4.0853,46.72917031464397
2017-12-20,,,,,,,3.2489000000000003,36.91003804082785
2017-12-21,,,,,,,1.9721,22.043105391556
2017-12-22,,,,,,,6.6759,
2017-12-26,,,,,,,1.4503,17.052531251120875
2017-12-27,,,,,,,0.775,9.093016737433231
2017-12-28,,,,,,,1.3891,
2017-12-29,,,,,,,6.1979999999999995,
2018-01-02,,,,,,,6.8851,77.86303379137901
2018-01-03,,,,,,,0.5596000000000001,7.158208216602729
2018-01-04,,,,,,,1.6355999999999995,19.537120405380737
2018-01-05,,,,,,,-0.16890000000000027,-2.2666644534576594
2018-01-08,,,,,,,1.4341,15.804577697770126
2018-01-09,,,,,,,3.7062,-inf
2018-01-10,,,,,,,4.5680999999999985,50.35221351180684
2018-01-11,,,,,,,-0.6292999999999997,-6.608863158439696
2018-01-12,,,,,,,3.3636,
2018-01-16,,,,,,,2.1377,
2018-01-17,,,,,,,3.4658,39.31528019161015
2018-01-18,,,,,,,3.8407,44.016681802231425
2018-01-19,,,,,,,3.1008,
2018-01-22,,,,,,,0.7325999999999999,8.724617657206105
2018-01-23,,,,,,,5.0626,56.34678490363408
2018-01-24,,,,,,,0.9274,10.573141743000534
2018-01-25,,,,,,,2.3343,26.89731841565151
2018-01-26,,,,,,,3.8838,42.48932743104804
2018-01-29,,,,,,,0.636,7.212912304711241
2018-01-30,,,,,,,,
2018-01-31,,,,,,,0.29600000000000004,3.4335408491222217
2018-02-01,,,,,,,0.991,12.040037299992447
2018-02-02,,,,,,,2.459,
2018-02-05,,,,,,,0.24070000000000005,3.1974706976772964
2018-02-06,,,,,,,-0.6120000000000001,-7.144456516720886
2018-02-07,,,,,,,5.3648,62.167559287703675
2018-02-08,,,,,,,2.9048,33.6084349602305
2018-02-09,,,,,,,-0.1803999999999999,-1.4277223943445905
2018-02-12,,,,,,,0.8814,9.516670900027624
2018-02-13,,,,,,,1.5807,18.2991894950857
2018-02-14,,,,,,,0.5188999999999999,4.624671988645055
2018-02-15,,,,,,,-2.0464,inf
2018-02-16,,,,,,,-0.0016000000000001569,
2018-02-20,,,,,,,6.673400000000001,74.9573174187708
2018-02-21,,,,,,,1.9256000000000004,22.081641542757453
2018-02-22,,,,,,,4.1351,47.73955179852757
2018-02-23,,,,,,,4.078000000000001,
2018-02-26,,,,,,,,
2018-02-27,,,,,,,3.623,40.309049798107424
2018-02-28,,,,,,,4.6728000000000005,52.45795399985656
2018-03-01,,,,,,,2.4710000000000005,27.527268471354553
2018-03-02,,,,,,,3.228,
2018-03-05,,,,,,,2.2853000000000003,26.336763455786663
2018-03-06,,,,,,,-0.4051000000000001,-inf
2018-03-07,,,,,,,1.4021,17.207334118519267
2018-03-08,,,,,,,3.2176,35.45133120562559
2018-03-09,,,,,,,10.4809,117.9325393057687
2018-03-12,,,,,,,0.6576,7.477132438504738
2018-03-13,,,,,,,0.7857,7.593331348576304
2018-03-14,,,,,,,4.1001,45.62469417908349
2018-03-15,,,,,,,3.0394,
2018-03-16,,,,,,,2.0492,23.02937702028432
2018-03-19,,,,,,,0.2982,-inf
2018-03-20,,,,,,,1.2049,14.154575051499993
2018-03-21,,,,,,,1.5644,15.739263128738456
2018-03-22,,,,,,,3.6921,-inf
2018-03-23,,,,,,,-0.7266999999999998,-8.508024016735577
2018-03-26,,,,,,,2.9395,33.51835256907233
2018-03-27,,,,,,,0.29639999999999994,-inf
2018-03-28,,,,,,,4.715999999999998,53.824695878014154
2018-03-29,,,,,,,0.26420000000000005,2.812299611785808
2018-04-02,,,,,,,-3.4096,-38.904716744901926
2018-04-03,,,,,,,2.8989000000000003,32.59252679372047
2018-04-04,,,,,,,1.9758,22.60460012896278
2018-04-05,,,,,,,0.033199999999999896,-0.3574829813272533
2018-04-06,,,,,,,1.4786000000000006,inf
2018-04-09,,,,,,,2.282,inf
2018-04-10,,,,,,,2.8118,30.612936182047786
2018-04-11,,,,,,,-2.0064,-inf
2018-04-12,,,,,,,3.9797,44.93720662505636
2018-04-13,,,,,,,2.6955,
2018-04-16,,,,,,,0.8201,9.470982032330896
2018-04-17,,,,,,,3.0957999999999988,
2018-04-18,,,,,,,1.7369999999999999,
2018-04-19,,,,,,,6.4552000000000005,-inf
2018-04-20,,,,,,,3.8316,
2018-04-23,,,,,,,-0.15790000000000004,-1.7776373675334396
2018-04-24,,,,,,,6.4352,-inf
2018-04-25,,,,,,,3.0514,-inf
2018-04-26,,,,,,,2.2956000000000003,26.11266292536633
2018-04-27,,,,,,,5.8435,-inf
2018-04-30,,,,,,,3.2103,36.63350007438942
2018-05-01,,,,,,,3.5567,39.3427004944507
2018-05-02,,,,,,,-0.17849999999999994,-2.281758911491484
2018-05-03,,,,,,,3.5595,39.730449039587675
2018-05-04,,,,,,,1.9862,21.010798976143207
2018-05-07,,,,,,,-0.07189999999999985,-1.9082751448183704
2018-05-08,,,,,,,0.8848999999999999,-inf
2018-05-09,,,,,,,2.9418,34.02543523195374
2018-05-10,,,,,,,0.4600000000000001,6.302679614116209
2018-05-11,,,,,,,2.4074,28.450072771552037
2018-05-14,,,,,,,0.5064000000000001,6.010946702771058
2018-05-15,,,,,,,3.6213,
2018-05-16,,,,,,,4.3811,48.7430764985308
2018-05-17,,,,,,,5.5868,
2018-05-18,,,,,,,2.0754999999999995,
2018-05-21,,,,,,,2.3880000000000003,26.800881010122648
2018-05-22,,,,,,,1.7766000000000002,19.60761998461684
2018-05-23,,,,,,,0.4287000000000002,5.6800565562073535
2018-05-24,,,,,,,1.2027,inf
2018-05-25,,,,,,,5.1703,
2018-05-29,,,,,,,-0.029599999999999738,-0.3019309554171885
2018-05-30,,,,,,,1.1961,12.16351848874515
2018-05-31,,,,,,,4.0555,
2018-06-01,,,,,,,-3.7452,
2018-06-04,,,,,,,2.0112,21.457253498970303
2018-06-05,,,,,,,5.132000000000001,56.13393263360086
2018-06-06,,,,,,,3.1849,
2018-06-07,,,,,,,1.3493000000000004,13.894656005098089
2018-06-08,,,,,,,2.5167999999999995,
2018-06-11,,,,,,,-1.4559,
2018-06-12,,,,,,,5.6113,-inf
2018-06-13,,,,,,,6.8522,76.73407674545335
2018-06-14,,,,,,,-0.2289000000000001,-2.6036852655089016
2018-06-15,,,,,,,0.6886000000000001,
2018-06-18,,,,,,,,
2018-06-19,,,,,,,,
2018-06-20,,,,,,,,
2018-06-21,,,,,,,4.1694,47.151582616700495
2018-06-22,,,,,,,9.095999999999998,
2018-06-25,,,,,,,3.1807000000000003,
2018-06-26,,,,,,,2.4481999999999995,-inf
2018-06-27,,,,,,,8.293099999999999,
2018-06-28,,,,,,,1.0271,11.019534207632496
2018-06-29,,,,,,,8.0032,
2018-07-02,,,,,,,2.5007,-inf
2018-07-03,,,,,,,4.4349,-inf
2018-07-05,,,,,,,0.25860000000000005,2.5660294261273364
2018-07-06,,,,,,,1.0458000000000007,
2018-07-09,,,,,,,1.3578,15.184573514108724
2018-07-10,,,,,,,4.9308999999999985,
2018-07-11,,,,,,,1.2668,
2018-07-12,,,,,,,1.2829000000000002,
2018-07-13,,,,,,,-1.9308000000000003,
2018-07-16,,,,,,,3.1911,
2018-07-17,,,,,,,1.5724,17.874670889281298
2018-07-18,,,,,,,7.5493,-inf
2018-07-19,,,,,,,-1.0890999999999995,-12.6932458542957
2018-07-20,,,,,,,-1.5248,
2018-07-23,,,,,,,-3.853800000000001,-45.305342924891434
2018-07-24,,,,,,,6.5626,-inf
2018-07-25,,,,,,,7.184199999999999,79.72949200404977
2018-07-26,,,,,,,6.999500000000001,-inf
2018-07-27,,,,,,,6.6409,
2018-07-30,,,,,,,8.349400000000001,-inf
2018-07-31,,,,,,,7.438200000000001,
2018-08-01,,,,,,,1.3439000000000003,
2018-08-02,,,,,,,4.963099999999999,inf
2018-08-03,,,,,,,9.469300000000004,
2018-08-06,,,,,,,3.3877,-inf
2018-08-07,,,,,,,1.4425,-inf
2018-08-08,,,,,,,7.1948,82.09534676321944
2018-08-09,,,,,,,0.13120000000000004,0.7292933138992517
2018-08-10,,,,,,,3.4056,41.154370670687946
2018-08-13,,,,,,,2.5127,
2018-08-14,,,,,,,-3.0357000000000007,-34.81684148730266
2018-08-15,,,,,,,8.3284,-inf
2018-08-16,,,,,,,4.1133000000000015,46.24769417452502
2018-08-17,,,,,,,-2.1065000000000014,-23.75957957688625
2018-08-20,,,,,,,-4.0927,-46.62449946253335
2018-08-21,,,,,,,3.996,44.31735556392204
2018-08-22,,,,,,,3.7909,42.840463855445655
2018-08-23,,,,,,,1.4442,-inf
2018-08-24,,,,,,,7.1297,
2018-08-27,,,,,,,6.2216000000000005,-inf
2018-08-28,,,,,,,-2.7007,-30.14418676521221
2018-08-29,,,,,,,2.611700000000001,27.886322120582467
2018-08-30,,,,,,,-4.3688,-48.620839158535965
2018-08-31,,,,,,,-1.3783999999999996,
2018-09-04,,,,,,,0.4842,4.640274856513766
2018-09-05,,,,,,,-1.5739000000000003,-20.461971558933552
2018-09-06,,,,,,,3.2352,36.78835622472802
2018-09-07,,,,,,,16.389099999999996,
2018-09-10,,,,,,,1.9362,
2018-09-11,,,,,,,2.6544,-inf
2018-09-12,,,,,,,0.7367,7.5695331539326505
2018-09-13,,,,,,,0.9627,
2018-09-14,,,,,,,4.684399999999999,
2018-09-17,,,,,,,8.7568,
2018-09-18,,,,,,,2.8600000000000003,31.88166260084209
2018-09-19,,,,,,,3.3412,38.00213962402339
2018-09-20,,,,,,,5.1240999999999985,56.438329417278645
2018-09-21,,,,,,,11.082300000000002,
2018-09-24,,,,,,,5.3180000000000005,
2018-09-25,,,,,,,6.9612,76.21043775246201
2018-09-26,,,,,,,3.7204000000000006,
2018-09-27,,,,,,,0.1511,1.9154042246403997
2018-09-28,,,,,,,4.8834,57.6650636622349
2018-10-01,,,,,,,2.4631000000000003,27.34008908165118
2018-10-02,,,,,,,7.6726,-inf
2018-10-03,,,,,,,7.7402,inf
2018-10-04,,,,,,,5.8432,-inf
2018-10-05,,,,,,,11.0851,-inf
2018-10-08,,,,,,,2.9959,32.7466424357155
2018-10-09,,,,,,,6.373799999999999,
2018-10-10,,,,,,,6.0194,
2018-10-11,,,,,,,2.5434999999999994,
2018-10-12,,,,,,,17.877499999999994,
2018-10-15,,,,,,,0.25849999999999984,
2018-10-16,,,,,,,0.6715999999999999,
2018-10-17,,,,,,,5.690100000000001,
2018-10-18,,,,,,,1.8897,20.278697237409247
2018-10-19,,,,,,,8.740200000000002,94.87642078356184
2018-10-22,,,,,,,0.4683000000000002,3.727952583045295
2018-10-23,,,,,,,6.0756000000000006,
2018-10-24,,,,,,,3.6929,41.978970661937645
2018-10-25,,,,,,,1.5879000000000003,14.554517320218727
2018-10-26,,,,,,,7.77,
2018-10-29,,,,,,,0.18459999999999988,2.1312335715242146
2018-10-30,,,,,,,11.455099999999998,
2018-10-31,,,,,,,3.6011,37.97566250998889
2018-11-01,,,,,,,4.2284,
2018-11-02,,,,,,,27.491599999999995,
2018-11-05,,,,,,,5.844299999999999,-inf
2018-11-06,,,,,,,12.8106,
2018-11-07,,,,,,,6.4182,73.54081420647705
2018-11-08,,,,,,,-0.5735999999999999,-6.4688607845573145
2018-11-09,,,,,,,3.4755000000000003,
2018-11-12,,,,,,,0.7836,9.404336396085114
2018-11-13,,,,,,,-0.9879000000000008,-14.328754579084062
2018-11-14,,,,,,,2.4122,27.001831983673487
2018-11-15,,,,,,,1.3504000000000005,13.980108475066107
2018-11-16,,,,,,,6.907600000000001,
2018-11-19,,,,,,,0.4826999999999998,
2018-11-20,,,,,,,1.7794,-inf
2018-11-21,,,,,,,2.4087000000000005,
2018-11-23,,,,,,,4.9784,
2018-11-26,,,,,,,1.4314,14.913997107189687
2018-11-27,,,,,,,0.33120000000000005,-inf
2018-11-28,,,,,,,4.1345,
2018-11-29,,,,,,,4.0579,43.40905805066145
2018-11-30,,,,,,,8.8827,
2018-12-03,,,,,,,3.4135,38.80376583271763
2018-12-04,,,,,,,4.8195999999999986,inf
2018-12-06,,,,,,,1.4603000000000002,16.437763166406604
2018-12-07,,,,,,,7.3842,-inf
2018-12-10,,,,,,,-1.0687,-12.42340997989704
2018-12-11,,,,,,,3.3363,37.623064980162056
2018-12-12,,,,,,,-0.33729999999999993,-3.969582107366677
2018-12-13,,,,,,,1.7553,19.67074192847516
2018-12-14,,,,,,,1.687300000000001,15.862281954828514
2018-12-17,,,,,,,4.8954,-inf
2018-12-18,,,,,,,0.9529999999999998,
2018-12-19,,,,,,,4.3395,45.3343916054829
2018-12-20,,,,,,,3.3046000000000006,
2018-12-21,,,,,,,9.566800000000002,-inf
2018-12-24,,,,,,,6.762699999999999,-inf
2018-12-26,,,,,,,0.8875,10.928992176068157
2018-12-27,,,,,,,-1.0179,-11.045570432177438
2018-12-28,,,,,,,2.9627,35.097666158588964
2018-12-31,,,,,,,0.40990000000000015,2.626706694788794
2019-01-02,,,,,,,0.9962,12.033302499915438
2019-01-03,,,,,,,3.3545,38.40766329174336
2019-01-04,,,,,,,6.1031999999999975,
2019-01-07,,,,,,,-1.9561999999999995,-22.69830485754021
2019-01-08,,,,,,,3.913,45.97874115807912
2019-01-09,,,,,,,1.2087,14.89640577830789
2019-01-10,,,,,,,3.0204000000000004,
2019-01-11,,,,,,,-2.3261000000000003,
2019-01-14,,,,,,,3.8989,
2019-01-15,,,,,,,2.0071000000000003,
2019-01-16,,,,,,,-0.8095,-9.796834707126537
2019-01-17,,,,,,,-1.0239,inf
2019-01-18,,,,,,,6.823600000000001,
2019-01-22,,,,,,,-0.8619000000000002,-inf
2019-01-23,,,,,,,-2.4335,-29.06823825449426
2019-01-24,,,,,,,-0.0022999999999998018,-1.1848343190062032
2019-01-25,,,,,,,-5.342600000000001,
2019-01-28,,,,,,,3.2912,40.184033893835746
2019-01-29,,,,,,,-0.8420000000000001,-9.915556818529833
2019-01-30,,,,,,,0.3638000000000005,3.921423169001304
2019-01-31,,,,,,,0.01120000000000021,0.3105113403387953
2019-02-01,,,,,,,6.1122999999999985,inf
2019-02-04,,,,,,,0.7777,9.058654970523477
2019-02-05,,,,,,,2.1049,24.553217546008927
2019-02-06,,,,,,,0.0,
2019-02-07,,,,,,,-1.2195000000000005,-14.806192066317587
2019-02-08,,,,,,,7.4139,
2019-02-11,,,,,,,-0.2944000000000001,-3.9756686562816217
2019-02-12,,,,,,,2.5837000000000003,
2019-02-13,,,,,,,4.5268,
2019-02-14,,,,,,,-3.8593,inf
2019-02-15,,,,,,,-0.2756999999999995,
2019-02-19,,,,,,,-2.5404,-inf
2019-02-20,,,,,,,-3.145,inf
2019-02-21,,,,,,,1.6926,19.25416708106134
2019-02-22,,,,,,,15.603300000000004,
2019-02-25,,,,,,,7.416599999999999,-inf
2019-02-26,,,,,,,1.294,15.17315165948368
2019-02-27,,,,,,,0.06730000000000003,
2019-02-28,,,,,,,0.8891,
2019-03-01,,,,,,,4.9826,
2019-03-04,,,,,,,1.7719999999999998,
2019-03-05,,,,,,,-1.6013999999999995,inf
2019-03-06,,,,,,,-2.6932,
2019-03-07,,,,,,,-1.392,-16.100995066803673
2019-03-08,,,,,,,9.991900000000003,
2019-03-11,,,,,,,-0.9782999999999996,
2019-03-12,,,,,,,0.3095000000000001,inf
2019-03-13,,,,,,,-0.27719999999999895,
2019-03-14,,,,,,,0.4431,inf
2019-03-15,,,,,,,-2.4964,
2019-03-18,,,,,,,3.5881000000000007,40.36301049543664
2019-03-19,,,,,,,-0.08210000000000017,-0.9457929321764792
2019-03-20,,,,,,,2.6754999999999995,inf
2019-03-21,,,,,,,2.9619,34.560035438310216
2019-03-22,,,,,,,5.9982000000000015,-inf
2019-03-25,,,,,,,3.5041,-inf
2019-03-26,,,,,,,1.1649999999999996,
2019-03-27,,,,,,,-0.3361000000000001,-inf
2019-03-28,,,,,,,-2.2745000000000006,-28.001816178803118
2019-03-29,,,,,,,3.8679,44.110635771956545
2019-04-01,,,,,,,-0.6922,
2019-04-02,,,,,,,2.2833,24.61386739981061
2019-04-03,,,,,,,1.7090999999999998,19.44913838566691
2019-04-04,,,,,,,0.4114999999999998,5.701986966265148
2019-04-05,,,,,,,3.4113999999999995,
2019-04-08,,,,,,,0.7294999999999999,
2019-04-09,,,,,,,1.0671000000000004,
2019-04-10,,,,,,,3.2844,
2019-04-11,,,,,,,1.3273,
2019-04-12,,,,,,,2.528400000000001,
2019-04-15,,,,,,,-0.4729000000000007,
2019-04-16,,,,,,,-0.9981000000000002,-11.466433296408356
2019-04-17,,,,,,,1.0737,
2019-04-18,,,,,,,1.503,
2019-04-22,,,,,,,-1.9964,
2019-04-23,,,,,,,2.7391,
2019-04-24,,,,,,,4.2964,47.78123094304513
2019-04-25,,,,,,,-4.535900000000002,
2019-04-26,,,,,,,5.762999999999999,
2019-04-29,,,,,,,3.9038,-inf
2019-04-30,,,,,,,0.6687,5.871303717047753
